Cell Line,CCLE Code,Tissue of Origin,Protein 10-Plex ID,Protein TMT Label,Notes,Cellosaurus.ac_preferred,Cellosaurus.sequence-variation,Cellosaurus.mutated_genes,Cellosaurus.disease,Cellosaurus.derived_from_site,Cellosaurus.cell_type
22Rv1,22RV1_PROSTATE,Prostate,24,126,NA,CVCL_1045,Mutation; HGNC; HGNC:1097; BRAF; Simple; p.Leu597Arg (c.1790T>G); ClinVar=VCV000013968; Zygosity=Heterozygous (DepMap=ACH-000956).|Mutation; HGNC; HGNC:7133; KMT2D; Simple; p.Arg1252Ter (c.3754C>T); ClinVar=VCV000167228; Zygosity=Heterozygous (Cosmic-CLP=924100; DepMap=ACH-000956).|Mutation; HGNC; HGNC:7133; KMT2D; Simple; p.Gln3158Ter (c.9472C>T); Zygosity=Heterozygous (Cosmic-CLP=924100; DepMap=ACH-000956).|Mutation; HGNC; HGNC:8975; PIK3CA; Simple; p.Gln546Arg (c.1637A>G); ClinVar=VCV000045466; Zygosity=Heterozygous (Cosmic-CLP=924100; DepMap=ACH-000956).|Mutation; HGNC; HGNC:11998; TP53; Simple; p.Gln331Arg (c.992A>G); ClinVar=VCV000421319; Zygosity=Heterozygous (PubMed=14518029; ATCC=CRL-2505; Cosmic-CLP=924100; DepMap=ACH-000956).,BRAF; KMT2D; PIK3CA; TP53,NCIt; C4863; Prostate carcinoma,In situ; Prostate; UBERON=UBERON_0002367.,NA
697,697_HAEMATOPOIETIC_AND_LYMPHOID_TISSUE,Haematopoietic and Lymphoid Tissue,30,126,NA,CVCL_0079,"Gene fusion; HGNC; HGNC:8632; PBX1 + HGNC; HGNC:11633; TCF3; Name(s)=TCF3-PBX1, E2A-PBX1 (PubMed=11843816; PubMed=15843827; PubMed=35354797; DepMap=ACH-000070).",PBX1; HGNC,NCIt; C9140; Childhood B acute lymphoblastic leukemia|NCIt; C80347; B acute lymphoblastic leukemia with t(1;19)(q23;p13.3) E2A-PBX1 (TCF3-PBX1)|ORDO; Orphanet_585956; B-lymphoblastic leukemia/lymphoma with t(1;19)(q23;p13.3),In situ; Bone marrow; UBERON=UBERON_0002371.,NA
769-P,769P_KIDNEY,Kidney,25,126,NA,CVCL_1050,NA,NA,NCIt; C9385; Renal cell carcinoma|ORDO; Orphanet_217071; Renal cell carcinoma,In situ; Kidney; UBERON=UBERON_0002113.,NA
786-O,786O_KIDNEY,Kidney,10,130c,NA,CVCL_1051,Mutation; HGNC; HGNC:9588; PTEN; Simple; p.Gln149Ter (c.445C>T); ClinVar=VCV000404164; Zygosity=Homozygous (PubMed=17088437; Cosmic-CLP=905947; DepMap=ACH-000649).|Mutation; HGNC; HGNC:11730; TERT; Simple; c.1-124C>T (c.228C>T) (C228T); Zygosity=Unspecified; Note=In promoter (PubMed=31068700).|Mutation; HGNC; HGNC:11998; TP53; Simple; c.560-2A>G; ClinVar=VCV003148158; Zygosity=Heterozygous; Note=Splice acceptor mutation (Cosmic-CLP=905947; DepMap=ACH-000649).|Mutation; HGNC; HGNC:11998; TP53; Simple; p.Pro278Ala (c.832C>G); ClinVar=VCV000376645; Zygosity=Heterozygous (PubMed=9331090; Cosmic-CLP=905947; DepMap=ACH-000649).|Mutation; HGNC; HGNC:12687; VHL; Simple; p.Gly104Alafs*55 (c.311delG); Zygosity=Homozygous (PubMed=7915601; PubMed=17088437; Cosmic-CLP=905947; DepMap=ACH-000649).,PTEN; TERT; TP53; VHL,NCIt; C9385; Renal cell carcinoma|ORDO; Orphanet_217071; Renal cell carcinoma,In situ; Kidney; UBERON=UBERON_0002113.,NA
8305C,8305C_THYROID,Thyroid,30,127n,NA,CVCL_1053,Mutation; HGNC; HGNC:795; ATM; Simple; p.Gln2800Ter (c.8398C>T); ClinVar=VCV001171818; Zygosity=Heterozygous (PubMed=30737244; Cosmic-CLP=906795; DepMap=ACH-001306).|Mutation; HGNC; HGNC:1097; BRAF; Simple; p.Val600Glu (c.1799T>A); ClinVar=VCV000013961; Zygosity=Heterozygous (PubMed=23833040; PubMed=30737244; Cosmic-CLP=906795; DepMap=ACH-001306).|Mutation; HGNC; HGNC:7989; NRAS; Simple; p.Phe90Leufs*14 (c.270delT); Zygosity=Heterozygous (PubMed=30737244).|Mutation; HGNC; HGNC:11730; TERT; Simple; c.1-146C>T (c.250C>T) (C250T); Zygosity=Heterozygous; Note=In promoter (PubMed=23833040; PubMed=30737244; PubMed=31068700).|Mutation; HGNC; HGNC:11998; TP53; Simple; p.Arg273Cys (c.817C>T); ClinVar=VCV000043594; Zygosity=Homozygous (PubMed=14522906; PubMed=21566963; PubMed=30737244; Cosmic-CLP=906795; DepMap=ACH-001306).,ATM; BRAF; NRAS; TERT; TP53,NCIt; C3878; Thyroid gland anaplastic carcinoma|ORDO; Orphanet_142; Anaplastic thyroid carcinoma,In situ; Thyroid gland; UBERON=UBERON_0002046.,NA
8505C,8505C_THYROID,Thyroid,40,126,NA,CVCL_1054,Mutation; HGNC; HGNC:1097; BRAF; Simple; p.Val600Glu (c.1799T>A); ClinVar=VCV000013961; Zygosity=Homozygous (PubMed=23833040; PubMed=30737244; Cosmic-CLP=924102; DepMap=ACH-001307).|Mutation; HGNC; HGNC:7773; NF2; Simple; p.Glu129Ter (c.385G>T); Zygosity=Homozygous (PubMed=30737244; Cosmic-CLP=924102; DepMap=ACH-001307).|Mutation; HGNC; HGNC:11730; TERT; Simple; c.1-146C>T (c.250C>T) (C250T); Zygosity=Heterozygous; Note=In promoter (PubMed=23833040; PubMed=30737244).|Mutation; HGNC; HGNC:11998; TP53; Simple; p.Arg248Gly (c.742C>G); ClinVar=VCV000376652; Zygosity=Hemizygous (PubMed=1516062; PubMed=14522906; PubMed=21566963; PubMed=23162534; PubMed=30737244; Cosmic-CLP=924102; DepMap=ACH-001307).,BRAF; NF2; TERT; TP53,NCIt; C3878; Thyroid gland anaplastic carcinoma|ORDO; Orphanet_142; Anaplastic thyroid carcinoma,In situ; Thyroid gland; UBERON=UBERON_0002046.,NA
A-204,A204_SOFT_TISSUE,Soft Tissue,23,126,NA,CVCL_1058,Mutation; HGNC; HGNC:11103; SMARCB1; Simple; p.Gln182Alafs*28 (c.543_544delTC); Zygosity=Heterozygous (PubMed=10602515; Cosmic-CLP=910784; DepMap=ACH-000201).,SMARCB1,NCIt; C8971; Embryonal rhabdomyosarcoma|ORDO; Orphanet_99757; Embryonal rhabdomyosarcoma,In situ; Muscle; UBERON=UBERON_0001630.,NA
A-375,A375_SKIN,Skin,3,128c,NA,CVCL_0132,"Mutation; HGNC; HGNC:1097; BRAF; Simple; p.Val600Glu (c.1799T>A); ClinVar=VCV000013961; Zygosity=Homozygous (PubMed=12068308; PubMed=15467732; PubMed=26405815; PubMed=29492214; ATCC=CRL-1619; Cosmic-CLP=906793; DepMap=ACH-000219).|Mutation; HGNC; HGNC:1787; CDKN2A; Simple; p.Glu61Ter (c.181G>T) (p.Gly75Val, c.224G>T); ClinVar=VCV000376309; Zygosity=Homozygous (PubMed=29492214; ATCC=CRL-1619; Cosmic-CLP=906793; DepMap=ACH-000219).|Mutation; HGNC; HGNC:1787; CDKN2A; Simple; p.Glu69Ter (c.205G>T) (p.Gly83Val, c.248G>T); ClinVar=VCV000376308; Zygosity=Homozygous (PubMed=29492214; ATCC=CRL-1619; Cosmic-CLP=906793; DepMap=ACH-000219).|Mutation; HGNC; HGNC:11730; TERT; Simple; c.1-146C>T (c.250C>T) (C250T); Zygosity=Unspecified; Note=In promoter (PubMed=31068700).",BRAF; CDKN2A; TERT,NCIt; C3802; Amelanotic melanoma,"In situ; Leg, skin; UBERON=UBERON_0001511.",NA
A-498,A498_KIDNEY,Kidney,5,130n,NA,CVCL_1056,Mutation; HGNC; HGNC:8976; PIK3CB; Simple; p.Asp1067Val (c.3200A>T); Zygosity=Heterozygous (PubMed=26759240; Cosmic-CLP=905948; DepMap=ACH-000555).|Mutation; HGNC; HGNC:12687; VHL; Simple; p.Val142fs*30 (c.425_429delTTGAC); Zygosity=Unspecified (PubMed=8493574).|Mutation; HGNC; HGNC:12687; VHL; Simple; p.Gly144Serfs*14 (c.426_429delTGAC); Zygosity=Homozygous (PubMed=17088437).,PIK3CB; VHL,NCIt; C9385; Renal cell carcinoma|ORDO; Orphanet_217071; Renal cell carcinoma,In situ; Kidney; UBERON=UBERON_0002113.,NA
A-673,A673_BONE,Bone,27,126,NA,CVCL_0080,"Gene deletion; HGNC; HGNC:1787; CDKN2A; Zygosity=Homozygous (PubMed=19787792; PubMed=25010205; PubMed=25223734; ATCC=CRL-1598).|Gene fusion; HGNC; HGNC:3508; EWSR1 + HGNC; HGNC:3749; FLI1; Name(s)=EWSR1-FLI1, EWS-FLI1; Note=Type 1 fusion (Ex7/Ex6) (PubMed=11423975; PubMed=25010205; PubMed=25485619; PubMed=36476851).|Mutation; HGNC; HGNC:1097; BRAF; Simple; p.Val600Glu (c.1799T>A); ClinVar=VCV000013961; Zygosity=Heterozygous (PubMed=12068308; PubMed=22142829; PubMed=25010205; ATCC=CRL-1598; Cosmic-CLP=684052; DepMap=ACH-000052).|Mutation; HGNC; HGNC:11998; TP53; Simple; p.Ala119Glnfs*5 (c.353_354dupCA) (c.354_355insCA); Zygosity=Homozygous (PubMed=8378080; PubMed=19787792; PubMed=25010205; PubMed=25223734; ATCC=CRL-1598; Cosmic-CLP=684052; DepMap=ACH-000052).",CDKN2A; EWSR1; HGNC; BRAF; TP53,NCIt; C4817; Ewing sarcoma|ORDO; Orphanet_319; Ewing sarcoma,In situ; Muscle; UBERON=UBERON_0001630.,NA
A-704,A704_KIDNEY,Kidney,32,126,NA,CVCL_1065,Mutation; HGNC; HGNC:11998; TP53; Simple; p.Tyr126Asp (c.376T>G); ClinVar=VCV000265333; Zygosity=Heterozygous (Cosmic-CLP=910920).|Mutation; HGNC; HGNC:11998; TP53; Simple; p.Cys135Arg (c.403T>C); ClinVar=VCV000376560; Zygosity=Heterozygous (Cosmic-CLP=910920).|Mutation; HGNC; HGNC:11998; TP53; Simple; p.Glu258Ter (c.772G>T); ClinVar=VCV000486557; Zygosity=Heterozygous (Cosmic-CLP=910920).,TP53,NCIt; C9385; Renal cell carcinoma|ORDO; Orphanet_217071; Renal cell carcinoma,In situ; Kidney; UBERON=UBERON_0002113.,Epithelial cell of kidney; CL=CL_0002518.
A101D,A101D_SKIN,Skin,38,126,NA,CVCL_1057,Mutation; HGNC; HGNC:1097; BRAF; Simple; p.Val600Glu (c.1799T>A); ClinVar=VCV000013961; Zygosity=Heterozygous (PubMed=12068308; ATCC=CRL-7898; Cosmic-CLP=910921; DepMap=ACH-000008).|Mutation; HGNC; HGNC:11730; TERT; Simple; c.1-124C>T (c.228C>T) (C228T); Zygosity=Unspecified; Note=In promoter (PubMed=31068700).,BRAF; TERT,NCIt; C3224; Melanoma,Metastatic; Lymph node; UBERON=UBERON_0000029.,NA
A172,A172_CENTRAL_NERVOUS_SYSTEM,Central Nervous System,24,127n,NA,CVCL_0131,Gene deletion; HGNC; HGNC:9588; PTEN; Zygosity=Homozygous (PubMed=9090379).|Gene fusion; HGNC; HGNC:76; ABL1 + HGNC; HGNC:1539; CBFB; Name(s)=ABL1-CBFB (PubMed=23637631).|Mutation; HGNC; HGNC:5382; IDH1; None_reported; -; Zygosity=- (PubMed=19435942).|Mutation; HGNC; HGNC:11998; TP53; None_reported; -; Zygosity=- (PubMed=14614447; PubMed=15900046).,PTEN; ABL1; HGNC; IDH1; TP53,NCIt; C3058; Glioblastoma|ORDO; Orphanet_360; Glioblastoma,In situ; Brain; UBERON=UBERON_0000955.,NA
A2058,A2058_SKIN,Skin,3,129n,NA,CVCL_1059,Mutation; HGNC; HGNC:1097; BRAF; Simple; p.Val600Glu (c.1799T>A); ClinVar=VCV000013961; Zygosity=Heterozygous (PubMed=12068308; PubMed=15048078; PubMed=15467732; PubMed=22383533; PubMed=24576830; ATCC=CRL-3601; Cosmic-CLP=906792; DepMap=ACH-000788).|Mutation; HGNC; HGNC:11730; TERT; Simple; c.1-124C>T (c.228C>T) (C228T); Zygosity=Unspecified; Note=In promoter (PubMed=31068700).|Mutation; HGNC; HGNC:11998; TP53; Simple; p.Val274Phe (c.820G>T); ClinVar=VCV000376674; Zygosity=Homozygous (Cosmic-CLP=906792; DepMap=ACH-000788).|Mutation; HGNC; HGNC:15979; TP63; Simple; p.Arg379Cys (c.1135C>T); Zygosity=Heterozygous (Cosmic-CLP=906792; DepMap=ACH-000788).,BRAF; TERT; TP53; TP63,NCIt; C3802; Amelanotic melanoma,Metastatic; Lymph node; UBERON=UBERON_0000029.,NA
A2780,A2780_OVARY,Ovary,14,129c,NA,CVCL_0134,Mutation; HGNC; HGNC:795; ATM; Simple; p.Pro604Ser (c.1810C>T); ClinVar=VCV000127343; Zygosity=Unspecified (PubMed=25846456).|Mutation; HGNC; HGNC:8975; PIK3CA; Simple; p.Glu365Lys (c.1093G>A); ClinVar=VCV000419222; Zygosity=Heterozygous (DepMap=ACH-000657).|Mutation; HGNC; HGNC:9588; PTEN; Simple; p.Lys128_Arg130del (c.383_391del9); Zygosity=Homozygous (PubMed=25230021; DepMap=ACH-000657).|Mutation; HGNC; HGNC:17271; RRAS2; Simple; p.Gln72Leu (c.215A>T); ClinVar=VCV000009447; Zygosity=Homozygous (DepMap=ACH-000657).,ATM; PIK3CA; PTEN; RRAS2,NCIt; C7979; Ovarian endometrioid adenocarcinoma|ORDO; Orphanet_454723; Endometrioid carcinoma of ovary,In situ; Ovary; UBERON=UBERON_0000992.,NA
A549,A549_LUNG,Lung,12,127n,NA,CVCL_0023,Mutation; HGNC; HGNC:6407; KRAS; Simple; p.Gly12Ser (c.34G>A); ClinVar=VCV000012584; Zygosity=Homozygous (PubMed=1855224; PubMed=8263009; PubMed=12794755; PubMed=17088437).|Mutation; HGNC; HGNC:11389; STK11; Simple; p.Gln37Ter (c.109C>T); ClinVar=VCV000376334; Zygosity=Homozygous (PubMed=17088437).|Mutation; HGNC; HGNC:11998; TP53; None_reported; -; Zygosity=- (PubMed=10536175; PubMed=15900046; PubMed=20557307).,KRAS; STK11; TP53,NCIt; C3512; Lung adenocarcinoma,In situ; Lung; UBERON=UBERON_0002048.,NA
ABC-1,ABC1_LUNG,Lung,4,128n,NA,CVCL_1066,Mutation; HGNC; HGNC:3236; EGFR; Simple; p.Leu858Arg (c.2573T>G); ClinVar=VCV000016609; Zygosity=Heterozygous; Note=In 10% of cells (PubMed=16105816).|Mutation; HGNC; HGNC:11998; TP53; Simple; p.Pro278Ser (c.832C>T); ClinVar=VCV000376642; Zygosity=Homozygous (PubMed=10536175; PubMed=20557307; Cosmic-CLP=906791; DepMap=ACH-000528).,EGFR; TP53,NCIt; C3512; Lung adenocarcinoma,Metastatic; Pleural effusion; UBERON=UBERON_0000175.,NA
AGS,AGS_STOMACH,Stomach,16,126,NA,CVCL_0139,Mutation; HGNC; HGNC:2514; CTNNB1; Simple; p.Gly34Glu (c.101G>A); ClinVar=VCV000017584; Zygosity=Heterozygous (ATCC=CRL-1739; Cosmic-CLP=906790; DepMap=ACH-000880).|Mutation; HGNC; HGNC:6407; KRAS; Simple; p.Gly12Asp (c.35G>A); ClinVar=VCV000012582; Zygosity=Heterozygous (Cosmic-CLP=906790; DepMap=ACH-000880).|Mutation; HGNC; HGNC:8975; PIK3CA; Simple; p.Glu453Lys (c.1357G>A); ClinVar=VCV000376470; Zygosity=Heterozygous (Cosmic-CLP=906790; DepMap=ACH-000880).|Mutation; HGNC; HGNC:8975; PIK3CA; Simple; p.Glu545Ala (c.1634A>C); ClinVar=VCV000013659; Zygosity=Heterozygous (Cosmic-CLP=906790; DepMap=ACH-000880).|Mutation; HGNC; HGNC:667; RHOA; Simple; p.Glu64del (c.192_194del); Zygosity=Heterozygous (PubMed=34466148; DepMap=ACH-000880).|Mutation; HGNC; HGNC:11998; TP53; None_reported; -; Zygosity=- (PubMed=1370612).,CTNNB1; KRAS; PIK3CA; RHOA; TP53,NCIt; C4004; Gastric adenocarcinoma,In situ; Stomach; UBERON=UBERON_0000945.,NA
AsPC-1,ASPC1_PANCREAS,Pancreas,29,126,NA,CVCL_0152,"Gene deletion; HGNC; HGNC:6844; MAP2K4; Zygosity=Homozygous (PubMed=9331070).|Mutation; HGNC; HGNC:1787; CDKN2A; Simple; p.Leu78Hisfs*41 (c.233_234delTC) (p.His93Profs*67, c.276_277delTC); ClinVar=VCV000977782; Zygosity=Homozygous (PubMed=11787853; DepMap=ACH-000222).|Mutation; HGNC; HGNC:6407; KRAS; Simple; p.Gly12Asp (c.35G>A); ClinVar=VCV000012582; Zygosity=Homozygous (PubMed=8026879; PubMed=11115575; PubMed=11169959; PubMed=11787853; PubMed=15367885; PubMed=21607521; Cosmic-CLP=910702; DepMap=ACH-000222).|Mutation; HGNC; HGNC:6770; SMAD4; Simple; p.Arg100Thr (c.299G>C); Zygosity=Homozygous (PubMed=10408907; PubMed=18380791; Cosmic-CLP=910702; DepMap=ACH-000222).|Mutation; HGNC; HGNC:11998; TP53; Simple; p.Cys135Alafs*35 (c.403delT); ClinVar=VCV001069265; Zygosity=Heterozygous (PubMed=8026879; PubMed=11169959; PubMed=11787853; PubMed=15367885; PubMed=21607521; Cosmic-CLP=910702; DepMap=ACH-000222).",MAP2K4; CDKN2A; KRAS; SMAD4; TP53,NCIt; C9120; Pancreatic ductal adenocarcinoma,Metastatic; Ascites; UBERON=UBERON_0007795.,NA
AU565,AU565_BREAST,Breast,1,127c,NA,CVCL_1074,Mutation; HGNC; HGNC:11998; TP53; Simple; p.Arg175His (c.524G>A); ClinVar=VCV000012374; Zygosity=Homozygous (ATCC=CRL-2351).,TP53,NCIt; C5214; Breast adenocarcinoma,Metastatic; Pleural effusion; UBERON=UBERON_0000175.,NA
BICR 6,BICR6_UPPER_AERODIGESTIVE_TRACT,Upper Aerodigestive Tract,8,127n,NA,CVCL_2314,Mutation; HGNC; HGNC:11998; TP53; Simple; p.Gln192Ter (c.574C>T); ClinVar=VCV000406579; Zygosity=Homozygous (PubMed=8390283; DepMap=ACH-000415).,TP53,NCIt; C4043; Hypopharyngeal squamous cell carcinoma|ORDO; Orphanet_494547; Squamous cell carcinoma of the hypopharynx,"In situ; Pharynx, hypopharynx; UBERON=UBERON_0001051.",NA
BICR22,BICR22_UPPER_AERODIGESTIVE_TRACT,Upper Aerodigestive Tract,14,130c,NA,CVCL_2310,Mutation; HGNC; HGNC:11998; TP53; Simple; c.920-1G>T (IVS8-1G>T); ClinVar=VCV000480765; Zygosity=Heterozygous; Note=Splice acceptor mutation (PubMed=25275298; DepMap=ACH-000794).,TP53,NCIt; C4648; Tongue squamous cell carcinoma|ORDO; Orphanet_457252; Squamous cell carcinoma of the oral tongue,Metastatic; Lymph node; UBERON=UBERON_0000029.,NA
BT-20,BT20_BREAST,Breast,24,127c,NA,CVCL_0178,Gene deletion; HGNC; HGNC:1787; CDKN2A; Zygosity=Homozygous (PubMed=19593635; ATCC=HTB-19).|Mutation; HGNC; HGNC:8975; PIK3CA; Simple; p.Pro539Arg (c.1616C>G); ClinVar=VCV000376243; Zygosity=Heterozygous (PubMed=19593635; PubMed=28889351; ATCC=HTB-19).|Mutation; HGNC; HGNC:8975; PIK3CA; Simple; p.His1047Arg (c.3140A>G); ClinVar=VCV000013652; Zygosity=Heterozygous (PubMed=19593635; PubMed=28889351; ATCC=HTB-19).|Mutation; HGNC; HGNC:9884; RB1; Simple; p.Ile388Ser (c.1163T>G); ClinVar=VCV000665312; Zygosity=Homozygous (PubMed=19593635).|Mutation; HGNC; HGNC:9884; RB1; Simple; p.Pro515Leu (c.1544C>T); Zygosity=Heterozygous (PubMed=19593635).|Mutation; HGNC; HGNC:11998; TP53; Simple; p.Lys132Gln (c.394A>C); ClinVar=VCV000376628; Zygosity=Homozygous (PubMed=16541312; PubMed=28889351; ATCC=HTB-19).,CDKN2A; PIK3CA; RB1; TP53,NCIt; C4194; Invasive breast carcinoma of no special type,In situ; Breast; UBERON=UBERON_0000310.,NA
BT-549,BT549_BREAST,Breast,7,128n,NA,CVCL_1092,Gene fusion; HGNC; HGNC:2092; CLTC + HGNC; HGNC:29559; VMP1; Name(s)=CLTC-VMP1 (PubMed=23637631).|Mutation; HGNC; HGNC:9588; PTEN; Simple; p.Val275fs*1 (c.821delG) (p.W274fs); Zygosity=Heterozygous (PubMed=19593635; ATCC=HTB-122; DepMap=ACH-000288).|Mutation; HGNC; HGNC:9884; RB1; Simple; c.265_607del343; Zygosity=Homozygous (PubMed=19593635; ATCC=HTB-122).|Mutation; HGNC; HGNC:11998; TP53; Simple; p.Arg249Ser (c.747G>C); ClinVar=VCV000406598; Zygosity=Homozygous (PubMed=1961733; PubMed=16541312; PubMed=17088437; PubMed=18277095; PubMed=28889351; Cosmic-CLP=905951; DepMap=ACH-000288).,CLTC; HGNC; PTEN; RB1; TP53,NCIt; C4194; Invasive breast carcinoma of no special type,In situ; Breast; UBERON=UBERON_0000310.,NA
BxPC-3,BXPC3_PANCREAS,Pancreas,23,127n,NA,CVCL_0186,Gene deletion; HGNC; HGNC:1787; CDKN2A; Zygosity=Homozygous (PubMed=11169959).|Gene deletion; HGNC; HGNC:6770; SMAD4; Zygosity=Homozygous (PubMed=9788440; PubMed=10408907; PubMed=15367885; PubMed=18380791).|Mutation; HGNC; HGNC:1097; BRAF; Simple; p.Val487_Pro492delinsAla (c.1460_1474delGTGTAGGTGCTGTCA); Zygosity=Heterozygous (Cosmic-CLP=906693; DepMap=ACH-000535).|Mutation; HGNC; HGNC:6407; KRAS; None_reported; -; Zygosity=- (PubMed=8026879; PubMed=11115575; PubMed=15367885).|Mutation; HGNC; HGNC:11998; TP53; Simple; p.Tyr220Cys (c.659A>G); ClinVar=VCV000127819; Zygosity=Homozygous (PubMed=1630814; PubMed=7961102; PubMed=8026879; PubMed=8194712; PubMed=8426738; PubMed=11115575; PubMed=15367885; PubMed=21607521; Cosmic-CLP=906693; DepMap=ACH-000535).,CDKN2A; SMAD4; BRAF; KRAS; TP53,NCIt; C9120; Pancreatic ductal adenocarcinoma,In situ; Pancreas; UBERON=UBERON_0001264.,NA
C32,C32_SKIN,Skin,25,127n,NA,CVCL_ZA06,NA,NA,NA,"In situ; Skin, dermis; UBERON=UBERON_0002067.",Fibroblast of skin; CL=CL_0002620.
CA46,CA46_HAEMATOPOIETIC_AND_LYMPHOID_TISSUE,Lymphoma,0,129c,Bridge line,CVCL_1101,Gene fusion; HGNC; HGNC:5477; IGH + HGNC; HGNC:7553; MYC; Name(s)=MYC-IGH (PubMed=3921823; PubMed=9643977; PubMed=11587216).|Mutation; HGNC; HGNC:11998; TP53; Simple; p.Arg248Gln (c.743G>A); ClinVar=VCV000012356; Zygosity=Homozygous (PubMed=8344493; PubMed=8402660; PubMed=19220422; Cosmic-CLP=910703; DepMap=ACH-000440).,IGH; HGNC; TP53,NCIt; C2912; Burkitt lymphoma|ORDO; Orphanet_543; Burkitt lymphoma,In situ; Ascites; UBERON=UBERON_0007795.,B-cell; CL=CL_0000236.
Caki-1,CAKI1_KIDNEY,Kidney,36,126,NA,CVCL_0234,Mutation; HGNC; HGNC:9884; RB1; Simple; p.Leu98Pro (c.293T>C); ClinVar=VCV001502192; Zygosity=Heterozygous (Cosmic-CLP=905963; DepMap=ACH-000433).,RB1,NCIt; C4033; Clear cell renal cell carcinoma|ORDO; Orphanet_319276; Clear cell renal carcinoma,Metastatic; Skin; UBERON=UBERON_0002097.,NA
Caki-2,CAKI2_KIDNEY,Kidney,6,130n,NA,CVCL_0235,NA,NA,NCIt; C6975; Papillary renal cell carcinoma|ORDO; Orphanet_319298; Papillary renal cell carcinoma,In situ; Kidney; UBERON=UBERON_0002113.,NA
CAL-120,CAL120_BREAST,Breast,28,126,NA,CVCL_1104,Mutation; HGNC; HGNC:11998; TP53; Simple; c.672+2T>G; ClinVar=VCV000635389; Zygosity=Homozygous; Note=Splice donor mutation (Cosmic-CLP=906826).,TP53,NCIt; C4872; Breast carcinoma,Metastatic; Pleural effusion; UBERON=UBERON_0000175.,NA
CAL-120,CAL120_BREAST,Breast,2,130n,NA,CVCL_1104,Mutation; HGNC; HGNC:11998; TP53; Simple; c.672+2T>G; ClinVar=VCV000635389; Zygosity=Homozygous; Note=Splice donor mutation (Cosmic-CLP=906826).,TP53,NCIt; C4872; Breast carcinoma,Metastatic; Pleural effusion; UBERON=UBERON_0000175.,NA
CAL-33,CAL33_UPPER_AERODIGESTIVE_TRACT,Upper Aerodigestive Tract,0,126,Bridge line,CVCL_1108,Mutation; HGNC; HGNC:11876; TMPRSS2; Simple; p.Gly8Val (c.23G>T) (c.-57+99G>T); ClinVar=VCV001273671; Zygosity=Homozygous (PubMed=34339474).|Mutation; HGNC; HGNC:11998; TP53; Simple; p.Arg175His (c.524G>A); ClinVar=VCV000012374; Zygosity=Unspecified (PubMed=25275298).,TMPRSS2; TP53,NCIt; C4648; Tongue squamous cell carcinoma|ORDO; Orphanet_457252; Squamous cell carcinoma of the oral tongue,"In situ; Oral cavity, tongue; UBERON=UBERON_0001723.",NA
CAL-33,CAL33_UPPER_AERODIGESTIVE_TRACT,Upper Aerodigestive Tract,31,130n,NA,CVCL_1108,Mutation; HGNC; HGNC:11876; TMPRSS2; Simple; p.Gly8Val (c.23G>T) (c.-57+99G>T); ClinVar=VCV001273671; Zygosity=Homozygous (PubMed=34339474).|Mutation; HGNC; HGNC:11998; TP53; Simple; p.Arg175His (c.524G>A); ClinVar=VCV000012374; Zygosity=Unspecified (PubMed=25275298).,TMPRSS2; TP53,NCIt; C4648; Tongue squamous cell carcinoma|ORDO; Orphanet_457252; Squamous cell carcinoma of the oral tongue,"In situ; Oral cavity, tongue; UBERON=UBERON_0001723.",NA
CAL-51,CAL51_BREAST,Breast,1,128c,NA,CVCL_1110,Mutation; HGNC; HGNC:8975; PIK3CA; Simple; p.Glu542Lys (c.1624G>A); ClinVar=VCV000031944; Zygosity=Heterozygous (DepMap=ACH-000856).|Mutation; HGNC; HGNC:17271; RRAS2; Simple; p.Gln72Leu (c.215A>T); ClinVar=VCV000009447; Zygosity=Homozygous (DepMap=ACH-000856).,PIK3CA; RRAS2,NCIt; C4872; Breast carcinoma,Metastatic; Pleural effusion; UBERON=UBERON_0000175.,NA
CAL-51,CAL51_BREAST,Breast,0,128n,Bridge line,CVCL_1110,Mutation; HGNC; HGNC:8975; PIK3CA; Simple; p.Glu542Lys (c.1624G>A); ClinVar=VCV000031944; Zygosity=Heterozygous (DepMap=ACH-000856).|Mutation; HGNC; HGNC:17271; RRAS2; Simple; p.Gln72Leu (c.215A>T); ClinVar=VCV000009447; Zygosity=Homozygous (DepMap=ACH-000856).,PIK3CA; RRAS2,NCIt; C4872; Breast carcinoma,Metastatic; Pleural effusion; UBERON=UBERON_0000175.,NA
CAL-85-1,CAL851_BREAST,Breast,7,129n,NA,CVCL_1114,Mutation; HGNC; HGNC:1101; BRCA2; Simple; p.Ser1461Profs*2 (c.4381delT); Zygosity=Heterozygous (Cosmic-CLP=910852; DepMap=ACH-000857).|Mutation; HGNC; HGNC:11998; TP53; Simple; p.Lys132Glu (c.394A>G); ClinVar=VCV000376626; Zygosity=Heterozygous (Cosmic-CLP=910852; DepMap=ACH-000857).,BRCA2; TP53,NCIt; C4872; Breast carcinoma,In situ; Breast; UBERON=UBERON_0000310.,NA
CAL 27,CAL27_UPPER_AERODIGESTIVE_TRACT,Upper Aerodigestive Tract,31,128c,NA,CVCL_1107,Mutation; HGNC; HGNC:11730; TERT; Simple; c.1-124C>T (c.228C>T) (C228T); Zygosity=Unspecified; Note=In promoter (PubMed=31068700).|Mutation; HGNC; HGNC:11998; TP53; Simple; p.His193Leu (c.578A>T); ClinVar=VCV000185822; Zygosity=Unspecified (PubMed=25275298).,TERT; TP53,NCIt; C173807; Tongue adenosquamous carcinoma,"In situ; Oral cavity, tongue; UBERON=UBERON_0001723.",NA
Calu-1,CALU1_LUNG,Lung,23,127c,NA,CVCL_0608,Gene deletion; HGNC; HGNC:11998; TP53; Zygosity=Homozygous (MSKCC).|Mutation; HGNC; HGNC:6407; KRAS; Simple; p.Gly12Cys (c.34G>T); ClinVar=VCV000012578; Zygosity=Homozygous (PubMed=12068308; PubMed=12794755; DepMap=ACH-000511).|Mutation; HGNC; HGNC:11730; TERT; Simple; c.1-124C>T (c.228C>T) (C228T); Zygosity=Unspecified; Note=In promoter (PubMed=31068700).,TP53; KRAS; TERT,NCIt; C3493; Lung squamous cell carcinoma,Metastatic; Pleural effusion; UBERON=UBERON_0000175.,NA
Calu-6,CALU6_LUNG,Lung,24,128n,NA,CVCL_0236,Mutation; HGNC; HGNC:6407; KRAS; Simple; p.Gln61Lys (c.180_181TC>CA) (c.180_181delinsCA); Zygosity=Heterozygous (PubMed=1855224; PubMed=12068308; PubMed=12794755; ATCC=HTB-56; Cosmic-CLP=724859; DepMap=ACH-000264).|Mutation; HGNC; HGNC:11998; TP53; Simple; p.Arg196Ter (c.586C>T); ClinVar=VCV000043589; Zygosity=Homozygous (PubMed=1855224; PubMed=12794755; ATCC=HTB-56; Cosmic-CLP=724859; DepMap=ACH-000264).,KRAS; TP53,NCIt; C3512; Lung adenocarcinoma,Metastatic; Pleural effusion; UBERON=UBERON_0000175.,Epithelial cell; CL=CL_0000066.
CAMA-1,CAMA1_BREAST,Breast,4,128c,NA,CVCL_1115,Mutation; HGNC; HGNC:1748; CDH1; Simple; c.1712-1G>A; Zygosity=Homozygous; Note=Splice acceptor mutation (PubMed=19593635).|Mutation; HGNC; HGNC:9588; PTEN; Simple; p.Asp92His (c.274G>C); Zygosity=Heterozygous (PubMed=19593635; ATCC=HTB-21).|Mutation; HGNC; HGNC:11998; TP53; Simple; p.Arg280Thr (c.839G>C); ClinVar=VCV000012368; Zygosity=Homozygous (PubMed=16541312; ATCC=HTB-21; Cosmic-CLP=946382; DepMap=ACH-000783).,CDH1; PTEN; TP53,NCIt; C5214; Breast adenocarcinoma,Metastatic; Pleural effusion; UBERON=UBERON_0000175.,NA
Caov-3,CAOV3_OVARY,Ovary,2,129c,NA,CVCL_0201,Mutation; HGNC; HGNC:11998; TP53; Simple; p.Gln136Ter (c.406C>T); ClinVar=VCV001802458; Zygosity=Homozygous (PubMed=24023729; PubMed=25230021; ATCC=HTB-75).,TP53,NCIt; C105555; High grade ovarian serous adenocarcinoma,In situ; Ovary; UBERON=UBERON_0000992.,NA
CCK-81,CCK81_LARGE_INTESTINE,Large Intestine,39,130n,NA,CVCL_2873,Mutation; HGNC; HGNC:16712; FBXW7; Simple; p.Arg465Cys (c.1393C>T); ClinVar=VCV000376414; Zygosity=Heterozygous (DepMap=ACH-000963).|Mutation; HGNC; HGNC:8975; PIK3CA; Simple; p.Cys420Arg (c.1258T>C); ClinVar=VCV000031945; Zygosity=Heterozygous (DepMap=ACH-000963).|Mutation; HGNC; HGNC:667; RHOA; Simple; p.Arg5Gln (c.14G>A); ClinVar=VCV000376520; Zygosity=Heterozygous (PubMed=34466148; DepMap=ACH-000679).|Mutation; HGNC; HGNC:667; RHOA; Simple; p.Tyr42Cys (c.125A>G); Zygosity=Heterozygous (PubMed=34466148; DepMap=ACH-000679).|Mutation; HGNC; HGNC:11998; TP53; Simple; p.Pro278His (c.833C>A); ClinVar=VCV000376646; Zygosity=Heterozygous (PubMed=16418264; DepMap=ACH-000963).,FBXW7; PIK3CA; RHOA; TP53,NCIt; C4349; Colon adenocarcinoma,Metastatic; Lymph node; UBERON=UBERON_0000029.,NA
CFPAC-1,CFPAC1_PANCREAS,Pancreas,13,127c,NA,CVCL_1119,Gene deletion; HGNC; HGNC:6770; SMAD4; Zygosity=Homozygous (PubMed=10408907; PubMed=11169959; PubMed=11787853; PubMed=15367885; PubMed=18380791).|Mutation; HGNC; HGNC:1884; CFTR; Simple; p.Phe508del (c.1521_1523delCTT); ClinVar=VCV000007105; Zygosity=Homozygous (PubMed=15463957; ATCC=CRL-1918).|Mutation; HGNC; HGNC:6407; KRAS; Simple; p.Gly12Val (c.35G>T); ClinVar=VCV000012583; Zygosity=Heterozygous (PubMed=11169959; PubMed=11787853; PubMed=15367885; Cosmic-CLP=906821).|Mutation; HGNC; HGNC:11998; TP53; Simple; p.Cys242Arg (c.724T>C); ClinVar=VCV000449512; Zygosity=Homozygous (PubMed=11169959; PubMed=11787853; PubMed=15367885; Cosmic-CLP=906821).,SMAD4; CFTR; KRAS; TP53,NCIt; C2975; Cystic fibrosis|NCIt; C9120; Pancreatic ductal adenocarcinoma|ORDO; Orphanet_586; Cystic fibrosis,Metastatic; Liver; UBERON=UBERON_0002107.,NA
ChaGo-K-1,CHAGOK1_LUNG,Lung,37,126,NA,CVCL_1121,Mutation; HGNC; HGNC:11110; ARID1A; Simple; c.1921-2A>G; Zygosity=Heterozygous; Note=Splice acceptor mutation (Cosmic-CLP=687596; DepMap=ACH-000867).|Mutation; HGNC; HGNC:11110; ARID1A; Simple; p.His684Asp (c.2050C>G); Zygosity=Heterozygous (Cosmic-CLP=687596; DepMap=ACH-000867).|Mutation; HGNC; HGNC:9884; RB1; Simple; p.Glu837Lys (c.2509G>A); Zygosity=Homozygous (Cosmic-CLP=687596; DepMap=ACH-000867).|Mutation; HGNC; HGNC:11998; TP53; Simple; p.Cys275Phe (c.824G>T); ClinVar=VCV000376582; Zygosity=Heterozygous (Cosmic-CLP=687596; DepMap=ACH-000867).,ARID1A; RB1; TP53,NCIt; C35875; Bronchogenic carcinoma,Metastatic; Hypodermis; UBERON=UBERON_0002072.,NA
CL-34,CL34_LARGE_INTESTINE,Large Intestine,38,129c,NA,CVCL_1980,Mutation; HGNC; HGNC:583; APC; Simple; p.Glu418Ter (c.1252G>T); Zygosity=Heterozygous (DepMap=ACH-000895).|Mutation; HGNC; HGNC:583; APC; Simple; p.Arg856Cys (c.2566C>T); ClinVar=VCV000469755; Zygosity=Heterozygous (DepMap=ACH-000895).|Mutation; HGNC; HGNC:583; APC; Simple; p.Thr1556fs*3 (c.4660_4661insA) (E1554fs); Zygosity=Heterozygous (DepMap=ACH-000895).|Mutation; HGNC; HGNC:1097; BRAF; Simple; p.Val600Glu (c.1799T>A); ClinVar=VCV000013961; Zygosity=Heterozygous (PubMed=28683746; DepMap=ACH-000895).|Mutation; HGNC; HGNC:11998; TP53; Simple; p.Ser127Pro (c.379T>C); ClinVar=VCV000934410; Zygosity=Unspecified (PubMed=28683746; DepMap=ACH-000895).|Mutation; HGNC; HGNC:11998; TP53; Simple; p.Lys382Asnfs*40 (c.1146delA); ClinVar=VCV001408583; Zygosity=Unspecified (PubMed=28683746; DepMap=ACH-000895).,APC; BRAF; TP53,NCIt; C4349; Colon adenocarcinoma,In situ; Colon; UBERON=UBERON_0001155.,NA
CMK,CMK_HAEMATOPOIETIC_AND_LYMPHOID_TISSUE,Haematopoietic and Lymphoid Tissue,35,126,NA,CVCL_0216,Gene fusion; HGNC; HGNC:4024; FXR2 + HGNC; HGNC:11998; TP53; Name(s)=TP53-FXR2 (from child cell line CMK-86).|Mutation; HGNC; HGNC:11998; TP53; Simple; p.Asp49His (c.145G>C); ClinVar=VCV000135948; Zygosity=Heterozygous (Cosmic-CLP=910566; DepMap=ACH-000641).,FXR2; HGNC; TP53,NCIt; C2993; Down syndrome|NCIt; C43223; Myeloid leukemia associated with Down syndrome|ORDO; Orphanet_870; Down syndrome|ORDO; Orphanet_99887; Acute megakaryoblastic leukemia in Down syndrome,In situ; Peripheral blood; UBERON=UBERON_0000178.,NA
CNI-H1568,NCIH1568_LUNG,Lung,15,128n,NA,CVCL_1476,Mutation; HGNC; HGNC:795; ATM; Simple; p.Gly506Phe (c.1516_1517GG>TT); Zygosity=Heterozygous (PubMed=27602502; Cosmic-CLP=1298348; DepMap=ACH-000869).|Mutation; HGNC; HGNC:11998; TP53; Simple; p.His179Arg (c.536A>G); ClinVar=VCV000376606; Zygosity=Homozygous (Cosmic-CLP=1298348; DepMap=ACH-000869).,ATM; TP53,NCIt; C3512; Lung adenocarcinoma,Metastatic; Lymph node; UBERON=UBERON_0000029.,NA
COLO-320,COLO320_LARGE_INTESTINE,Large Intestine,14,127n,NA,CVCL_1989,Mutation; HGNC; HGNC:11998; TP53; Simple; p.Arg248Trp (c.742C>T); ClinVar=VCV000012347; Zygosity=Unspecified (PubMed=9000147; PubMed=24042735; PubMed=28683746).,TP53,NCIt; C4349; Colon adenocarcinoma,"In situ; Colon, sigmoid; UBERON=UBERON_0001159.",NA
COLO-679,COLO679_SKIN,Skin,10,130n,NA,CVCL_1130,Mutation; HGNC; HGNC:1097; BRAF; Simple; p.Val600Glu (c.1799T>A); ClinVar=VCV000013961; Zygosity=Heterozygous (PubMed=12068308; Cosmic-CLP=906818; DepMap=ACH-000805).|Mutation; HGNC; HGNC:11730; TERT; Simple; c.1-124C>T (c.228C>T) (C228T); Zygosity=Unspecified; Note=In promoter (PubMed=31068700).,BRAF; TERT,NCIt; C3510; Cutaneous melanoma,Metastatic; Soft tissue; UBERON=UBERON_0034929.,NA
COLO 741,COLO741_SKIN,Skin,11,129c,NA,CVCL_1133,Mutation; HGNC; HGNC:1097; BRAF; Simple; p.Val600Glu (c.1799T>A); ClinVar=VCV000013961; Zygosity=Heterozygous (PubMed=12068308; Cosmic-CLP=906815; DepMap=ACH-000582).|Mutation; HGNC; HGNC:11730; TERT; Simple; c.1-146C>T (c.250C>T) (C250T); Zygosity=Unspecified; Note=In promoter (PubMed=31068700).|Mutation; HGNC; HGNC:11998; TP53; Simple; p.Pro322fs*24 (c.963_964insAA); Zygosity=Heterozygous (Cosmic-CLP=906815; DepMap=ACH-000582).,BRAF; TERT; TP53,NCIt; C3224; Melanoma,Metastatic; Pelvic wall; UBERON=UBERON_8480043.,NA
COLO 829,COLO829_SKIN,Skin,35,127n,NA,CVCL_1137,Mutation; HGNC; HGNC:1097; BRAF; Simple; p.Val600Glu (c.1799T>A); ClinVar=VCV000013961; Zygosity=Heterozygous (PubMed=12068308; PubMed=27094764; ATCC=CRL-1974; Cosmic-CLP=687448; DepMap=ACH-000644).|Mutation; HGNC; HGNC:1787; CDKN2A; Simple; p.Ala68Glyfs*51 (c.203_204delCG); Zygosity=Homozygous (PubMed=27094764; ATCC=CRL-1974).|Mutation; HGNC; HGNC:9588; PTEN; Simple; c.493_634del142; Zygosity=Homozygous (ATCC=CRL-1974).|Mutation; HGNC; HGNC:11730; TERT; Simple; c.228_229CC>TT (-124/-125CC>TT); Zygosity=Unspecified; Note=In promoter (PubMed=31068700).,BRAF; CDKN2A; PTEN; TERT,NCIt; C3510; Cutaneous melanoma,In situ; Skin; UBERON=UBERON_0002097.,NA
COLO205,COLO205_LARGE_INTESTINE,Large Intestine,20,126,NA,CVCL_0218,Mutation; HGNC; HGNC:583; APC; Simple; p.Thr1556Asnfs*3 (c.4666dupA) (c.4666_4667insA); ClinVar=VCV000428112; Zygosity=Homozygous (PubMed=17088437; PubMed=24755471; ATCC=CCL-222; Cosmic-CLP=905961; DepMap=ACH-001039).|Mutation; HGNC; HGNC:1097; BRAF; Simple; p.Val600Glu (c.1799T>A); ClinVar=VCV000013961; Zygosity=Heterozygous (PubMed=12068308; PubMed=17088437; PubMed=20570890; PubMed=24755471; PubMed=28683746; Cosmic-CLP=905961; DepMap=ACH-001039).|Mutation; HGNC; HGNC:2514; CTNNB1; Simple; p.Asn287Ser (c.860A>G); ClinVar=VCV000133954; Zygosity=Homozygous (PubMed=9294210).|Mutation; HGNC; HGNC:11998; TP53; Simple; p.Tyr103fs*37 (c.308_321delTGTGTAACAGTTCC); Zygosity=Homozygous (PubMed=7651727; PubMed=17088437; PubMed=28683746).,APC; BRAF; CTNNB1; TP53,NCIt; C4349; Colon adenocarcinoma,Metastatic; Ascites; UBERON=UBERON_0007795.,NA
COLO678,COLO678_LARGE_INTESTINE,Large Intestine,13,129n,NA,CVCL_1129,Mutation; HGNC; HGNC:583; APC; Simple; p.Thr1556Asnfs*3 (c.4666dupA) (c.4666_4667insA); ClinVar=VCV000428112; Zygosity=Heterozygous (PubMed=24755471; Cosmic-CLP=910689; DepMap=ACH-000350).|Mutation; HGNC; HGNC:6407; KRAS; Simple; p.Gly12Asp (c.35G>A); ClinVar=VCV000012582; Zygosity=Heterozygous (PubMed=24755471; PubMed=28683746; Cosmic-CLP=910689; DepMap=ACH-000350).|Mutation; HGNC; HGNC:11998; TP53; None_reported; -; Zygosity=- (PubMed=16418264).,APC; KRAS; TP53,NCIt; C4910; Colon carcinoma,Metastatic; Lymph node; UBERON=UBERON_0000029.,NA
COR-L23,CORL23_LUNG,Lung,29,127c,NA,CVCL_1139,Mutation; HGNC; HGNC:6407; KRAS; Simple; p.Gly12Val (c.35G>T); ClinVar=VCV000012583; Zygosity=Homozygous (PubMed=12068308; Cosmic-CLP=687780; DepMap=ACH-000662).,KRAS,NCIt; C4450; Lung large cell carcinoma,Metastatic; Pleural effusion; UBERON=UBERON_0000175.,NA
COR-L47,CORL47_LUNG,Lung,20,127n,NA,CVCL_2415,Mutation; HGNC; HGNC:9588; PTEN; Simple; p.Glu18Ter (c.52G>T); Zygosity=Homozygous (DepMap=ACH-000695).|Mutation; HGNC; HGNC:11998; TP53; Simple; p.Arg306Ter (c.916C>T); ClinVar=VCV000142144; Zygosity=Homozygous (DepMap=ACH-000695).,PTEN; TP53,NCIt; C4917; Lung small cell carcinoma|ORDO; Orphanet_70573; Small cell lung cancer,Metastatic; Bone marrow; UBERON=UBERON_0002371.,NA
COR-L88,CORL88_LUNG,Lung,21,126,NA,CVCL_1141,Mutation; HGNC; HGNC:11998; TP53; Simple; p.Val157Phe (c.469G>T); ClinVar=VCV000012353; Zygosity=Homozygous (Cosmic-CLP=906808; DepMap=ACH-000508).,TP53,NCIt; C4917; Lung small cell carcinoma|ORDO; Orphanet_70573; Small cell lung cancer,Metastatic; Pleural effusion; UBERON=UBERON_0000175.,NA
CORL105,CORL105_LUNG,Lung,13,130n,NA,CVCL_1138,Mutation; HGNC; HGNC:5382; IDH1; Simple; p.Arg132Cys (c.394C>T); ClinVar=VCV000375891; Zygosity=Heterozygous (DepMap=ACH-000161).,IDH1,NCIt; C3512; Lung adenocarcinoma,Metastatic; Pleural effusion; UBERON=UBERON_0000175.,NA
COV362,COV362_OVARY,Ovary,3,127c,NA,CVCL_2420,Mutation; HGNC; HGNC:1100; BRCA1; Simple; p.Pro871fs (c.2611_2612ins1); Zygosity=Homozygous (PubMed=25230021).|Mutation; HGNC; HGNC:1100; BRCA1; Simple; c.4095+1G>T; Zygosity=Homozygous; Note=Splice donor mutation (PubMed=25230021; DepMap=ACH-000278).|Mutation; HGNC; HGNC:11998; TP53; Simple; p.Tyr220Cys (c.659A>G); ClinVar=VCV000127819; Zygosity=Homozygous (PubMed=25230021; DepMap=ACH-000278).,BRCA1; TP53,NCIt; C105555; High grade ovarian serous adenocarcinoma,Metastatic; Pleural effusion; UBERON=UBERON_0000175.,NA
DAN-G,DANG_PANCREAS,Pancreas,39,126,NA,CVCL_0243,Mutation; HGNC; HGNC:6407; KRAS; Simple; p.Gly12Val (c.35G>T); ClinVar=VCV000012583; Zygosity=Unspecified (CLS=300162; Cosmic-CLP=1290797).|Mutation; HGNC; HGNC:11998; TP53; Simple; c.972_993+16del38; Zygosity=Homozygous (Cosmic-CLP=1290797; DepMap=ACH-000243).,KRAS; TP53,NCIt; C8294; Pancreatic adenocarcinoma,In situ; Pancreas; UBERON=UBERON_0001264.,NA
Daoy,DAOY_CENTRAL_NERVOUS_SYSTEM,Central Nervous System,38,127n,NA,CVCL_1167,Gene deletion; HGNC; HGNC:1787; CDKN2A; Zygosity=Homozygous (ATCC=HTB-186).|Mutation; HGNC; HGNC:11730; TERT; Simple; c.1-124C>T (c.228C>T) (C228T); Zygosity=Unspecified; Note=In promoter (PubMed=31068700).|Mutation; HGNC; HGNC:11998; TP53; Simple; p.Cys242Phe (c.725G>T); ClinVar=VCV000376578; Zygosity=Homozygous (PubMed=22343310; ATCC=HTB-186; Cosmic-CLP=906833; DepMap=ACH-000211).,CDKN2A; TERT; TP53,"NCIt; C129442; Medulloblastoma, SHH-activated, TP53-mutant|ORDO; Orphanet_616; Medulloblastoma","In situ; Brain, posterior fossa; UBERON=UBERON_0008788.",NA
DETROIT 562,DETROIT562_UPPER_AERODIGESTIVE_TRACT,Upper Aerodigestive Tract,16,130c,NA,CVCL_1171,Mutation; HGNC; HGNC:11998; TP53; Simple; p.Arg175His (c.524G>A); ClinVar=VCV000012374; Zygosity=Unspecified (PubMed=25275298).,TP53,NCIt; C102872; Pharyngeal squamous cell carcinoma|ORDO; Orphanet_502363; Squamous cell carcinoma of the oral cavity,Metastatic; Pleural effusion; UBERON=UBERON_0000175.,NA
DMS-273,DMS273_LUNG,Lung,6,128c,NA,CVCL_1176,Mutation; HGNC; HGNC:7910; NPM1; Simple; p.Asp173del (c.511_513delGAT); Zygosity=Heterozygous (Cosmic-CLP=687985; DepMap=ACH-000749).|Mutation; HGNC; HGNC:11998; TP53; Simple; p.Gly245Cys (c.733G>T); ClinVar=VCV000012349; Zygosity=Homozygous (PubMed=15900046; Cosmic-CLP=687985; DepMap=ACH-000749).,NPM1; TP53,NCIt; C4917; Lung small cell carcinoma|ORDO; Orphanet_70573; Small cell lung cancer,Metastatic; Pleural effusion; UBERON=UBERON_0000175.,NA
DMS 114,DMS114_LUNG,Lung,8,130n,NA,CVCL_1174,Mutation; HGNC; HGNC:14446; PARD3B; Unexplicit; Ex2-14del; Zygosity=Homozygous (PubMed=20215515).|Mutation; HGNC; HGNC:11100; SMARCA4; Simple; p.Glu1310Ter (c.3928G>T); Zygosity=Homozygous (DepMap=ACH-000530).|Mutation; HGNC; HGNC:11998; TP53; Simple; p.Arg213Ter (c.637C>T); ClinVar=VCV000043590; Zygosity=Homozygous (PubMed=15900046; Cosmic-CLP=687983; DepMap=ACH-000530).,PARD3B; SMARCA4; TP53,NCIt; C183115; Thoracic SMARCA4-deficient undifferentiated tumor,In situ; Lung; UBERON=UBERON_0002048.,NA
DU 145,DU145_PROSTATE,Prostate,28,127n,NA,CVCL_0105,"Mutation; HGNC; HGNC:1787; CDKN2A; Simple; p.Asp84Tyr (c.250G>T) (p.Arg98Leu, c.293G>T); ClinVar=VCV000376306; Zygosity=Homozygous (PubMed=17088437; ATCC=HTB-81; Cosmic-CLP=905935; DepMap=ACH-000979).|Mutation; HGNC; HGNC:9884; RB1; Simple; p.Lys715Ter (c.2143A>T); ClinVar=VCV001786615; Zygosity=Homozygous (PubMed=17088437; ATCC=HTB-81).|Mutation; HGNC; HGNC:11389; STK11; Simple; p.Lys178fs*86 (c.532_536delAAGCC); Zygosity=Homozygous (PubMed=17088437).|Mutation; HGNC; HGNC:11998; TP53; Simple; p.Pro223Leu (c.668C>T); ClinVar=VCV000234214; Zygosity=Heterozygous (PubMed=1873816; PubMed=8104329; PubMed=8510267; PubMed=9331090; PubMed=11304728; PubMed=17088437; ATCC=HTB-81).|Mutation; HGNC; HGNC:11998; TP53; Simple; p.Val274Phe (c.820G>T); ClinVar=VCV000376674; Zygosity=Heterozygous (PubMed=1873816; PubMed=8104329; PubMed=8510267; PubMed=11304728; PubMed=17088437; ATCC=HTB-81).",CDKN2A; RB1; STK11; TP53,NCIt; C4863; Prostate carcinoma,Metastatic; Brain; UBERON=UBERON_0000955.,NA
DV90,DV90_LUNG,Lung,12,130n,NA,CVCL_1184,Mutation; HGNC; HGNC:3431; ERBB3; Simple; p.Val104Met (c.310G>A); ClinVar=VCV000376410; Zygosity=Heterozygous (DepMap=ACH-000925).|Mutation; HGNC; HGNC:6407; KRAS; Simple; p.Gly13Asp (c.38G>A); ClinVar=VCV000012580; Zygosity=Heterozygous (DepMap=ACH-000925).,ERBB3; KRAS,NCIt; C3512; Lung adenocarcinoma,Metastatic; Pleural effusion; UBERON=UBERON_0000175.,NA
EBC-1,EBC1_LUNG,Lung,5,127n,NA,CVCL_2891,Mutation; HGNC; HGNC:2731; DDR2; Simple; p.Thr681Ile (c.2042C>T); ClinVar=VCV001435412; Zygosity=Heterozygous (PubMed=28676216; Cosmic-CLP=753554).|Mutation; HGNC; HGNC:3236; EGFR; Simple; p.Leu858Arg (c.2573T>G); ClinVar=VCV000016609; Zygosity=Heterozygous; Note=In 10% of cells (PubMed=16105816).|Mutation; HGNC; HGNC:11998; TP53; Simple; p.Glu171Ter (c.511G>T); ClinVar=VCV000634771; Zygosity=Homozygous (PubMed=10536175; PubMed=20557307; Cosmic-CLP=753554; DepMap=ACH-000563).,DDR2; EGFR; TP53,NCIt; C3493; Lung squamous cell carcinoma,Metastatic; Skin; UBERON=UBERON_0002097.,NA
EFM-19,EFM19_BREAST,Breast,22,126,NA,CVCL_0253,Mutation; HGNC; HGNC:8975; PIK3CA; Simple; p.His1047Leu (c.3140A>T); ClinVar=VCV000013653; Zygosity=Homozygous (Cosmic-CLP=906851; DepMap=ACH-000330).|Mutation; HGNC; HGNC:11998; TP53; Simple; p.His193Arg (c.578A>G); ClinVar=VCV000184979; Zygosity=Homozygous (Cosmic-CLP=906851; DepMap=ACH-000330).,PIK3CA; TP53,NCIt; C4017; Breast ductal carcinoma,Metastatic; Pleural effusion; UBERON=UBERON_0000175.,NA
EFM-192A,EFM192A_BREAST,Breast,37,127n,NA,CVCL_1812,Mutation; HGNC; HGNC:8975; PIK3CA; Simple; p.Cys420Arg (c.1258T>C); ClinVar=VCV000031945; Zygosity=Heterozygous (Cosmic-CLP=1290798; DepMap=ACH-000117).|Mutation; HGNC; HGNC:11998; TP53; Simple; p.Glu271fs*1 (c.807_808insT); Zygosity=Heterozygous (Cosmic-CLP=1290798; DepMap=ACH-000117).,PIK3CA; TP53,NCIt; C4872; Breast carcinoma,Metastatic; Pleural effusion; UBERON=UBERON_0000175.,NA
EOL-1,EOL1_HAEMATOPOIETIC_AND_LYMPHOID_TISSUE,Haematopoietic and Lymphoid Tissue,33,126,NA,CVCL_0258,Gene fusion; HGNC; HGNC:19124; FIP1L1 + HGNC; HGNC:8803; PDGFRA; Name(s)=FIP1L1-PDGFRA (PubMed=14630792).,FIP1L1; HGNC,"NCIt; C4563; Chronic eosinophilic leukemia, not otherwise specified|ORDO; Orphanet_168940; Chronic eosinophilic leukemia",In situ; Peripheral blood; UBERON=UBERON_0000178.,NA
F-36P,F36P_HAEMATOPOIETIC_AND_LYMPHOID_TISSUE,Haematopoietic and Lymphoid Tissue,29,128n,NA,CVCL_2037,"Mutation; HGNC; HGNC:7132; KMT2A; Simple; p.Glu766Gln (c.2296G>C); Zygosity=Heterozygous (PubMed=27750403; DepMap=ACH-000487).|Mutation; HGNC; HGNC:11998; TP53; Simple; c.376-1G>A (p.Tyr126_Lys132del, c.376_396del21); ClinVar=VCV000481003; Zygosity=Homozygous; Note=Splice acceptor mutation (PubMed=27750403; DepMap=ACH-000487).",KMT2A; TP53,NCIt; C8923; Acute erythroid leukemia|NCIt; C3247; Myelodysplastic syndrome|ORDO; Orphanet_318; Acute erythroid leukemia,In situ; Pleural effusion; UBERON=UBERON_0000175.,NA
FaDu,FADU_UPPER_AERODIGESTIVE_TRACT,Upper Aerodigestive Tract,24,128c,NA,CVCL_1218,"Mutation; HGNC; HGNC:1787; CDKN2A; Simple; c.151-1G>T; ClinVar=VCV000422058; Zygosity=Homozygous; Note=Splice acceptor mutation (ATCC=HTB-43; Cosmic-CLP=906863; DepMap=ACH-000846).|Mutation; HGNC; HGNC:3595; FAT1; Simple; p.Lys3277Asnfs*4 (c.9828delG) (p.Gly3276fs); Zygosity=Heterozygous (Cosmic-CLP=906863; DepMap=ACH-000846).|Mutation; HGNC; HGNC:11998; TP53; Simple; c.376-1G>A (p.Tyr126_Lys132del, c.376_396del21); ClinVar=VCV000481003; Zygosity=Heterozygous; Note=Splice acceptor mutation (PubMed=1394225; PubMed=11799138; PubMed=23613873; ATCC=HTB-43; Cosmic-CLP=906863; DepMap=ACH-000846).|Mutation; HGNC; HGNC:11998; TP53; Simple; p.Arg248Leu (c.743G>T); ClinVar=VCV000230253; Zygosity=Heterozygous (PubMed=1394225; PubMed=11799138; PubMed=23613873; ATCC=HTB-43; Cosmic-CLP=906863; DepMap=ACH-000846).",CDKN2A; FAT1; TP53,NCIt; C4043; Hypopharyngeal squamous cell carcinoma|ORDO; Orphanet_494547; Squamous cell carcinoma of the hypopharynx,"In situ; Pharynx, hypopharynx; UBERON=UBERON_0001051.",Epithelial cell; CL=CL_0000066.
FU-OV-1,FUOV1_OVARY,Ovary,16,129c,NA,CVCL_2047,Mutation; HGNC; HGNC:11998; TP53; Simple; p.His179Asp (c.535C>G); ClinVar=VCV000376610; Zygosity=Homozygous (Cosmic-CLP=1240129; DepMap=ACH-000574).,TP53,NCIt; C105555; High grade ovarian serous adenocarcinoma,In situ; Ovary; UBERON=UBERON_0000992.,NA
G-401,G401_SOFT_TISSUE,Soft Tissue,28,127c,NA,CVCL_0270,Gene deletion; HGNC; HGNC:11103; SMARCB1; Zygosity=Homozygous (PubMed=9671307; PubMed=10602515; PubMed=28945250).,SMARCB1,NCIt; C8715; Rhabdoid tumor of the kidney|ORDO; Orphanet_69077; Rhabdoid tumor,In situ; Kidney; UBERON=UBERON_0002113.,NA
G-402,G402_SOFT_TISSUE,Soft Tissue,26,126,NA,CVCL_1221,NA,NA,NCIt; C3150; Kidney neoplasm,In situ; Kidney; UBERON=UBERON_0002113.,NA
GAMG,GAMG_CENTRAL_NERVOUS_SYSTEM,Central Nervous System,42,128n,NA,CVCL_1226,Mutation; HGNC; HGNC:11730; TERT; Simple; c.1-124C>T (c.228C>T) (C228T); Zygosity=Unspecified; Note=In promoter (PubMed=31068700).|Mutation; HGNC; HGNC:11998; TP53; Simple; p.Leu265Pro (c.794T>C); ClinVar=VCV000245777; Zygosity=Homozygous (Cosmic-CLP=906868; DepMap=ACH-000098).,TERT; TP53,NCIt; C3058; Glioblastoma|ORDO; Orphanet_360; Glioblastoma,In situ; Brain; UBERON=UBERON_0000955.,NA
GB-1,GB1_CENTRAL_NERVOUS_SYSTEM,Central Nervous System,34,130n,NA,CVCL_1227,Mutation; HGNC; HGNC:11730; TERT; Simple; c.1-124C>T (c.228C>T) (C228T); Zygosity=Unspecified; Note=In promoter (PubMed=31068700).|Mutation; HGNC; HGNC:11998; TP53; Simple; p.Asn239_Ser240insAsn (c.716_717insTAA); Zygosity=Homozygous (Cosmic-CLP=687568; DepMap=ACH-000738).,TERT; TP53,NCIt; C3058; Glioblastoma|ORDO; Orphanet_360; Glioblastoma,In situ; Brain; UBERON=UBERON_0000955.,NA
HCC-15,HCC15_LUNG,Lung,28,130n,NA,CVCL_2057,Mutation; HGNC; HGNC:2514; CTNNB1; Simple; p.Ser45Phe (c.134C>T); ClinVar=VCV000017588; Zygosity=Homozygous (PubMed=11464291; Cosmic-CLP=1240143; DepMap=ACH-000878).|Mutation; HGNC; HGNC:3373; EP300; Simple; p.Met1470Asnfs*3 (c.4408dupA); Zygosity=Heterozygous (Cosmic-CLP=1240143; DepMap=ACH-000878).|Mutation; HGNC; HGNC:7989; NRAS; Simple; p.Gln61Lys (c.181C>A); ClinVar=VCV000073058; Zygosity=Heterozygous (Cosmic-CLP=1240143; DepMap=ACH-000878).|Mutation; HGNC; HGNC:9884; RB1; Simple; p.Lys652Ter (c.1954A>T); ClinVar=VCV003237040; Zygosity=Homozygous (Cosmic-CLP=1240143; DepMap=ACH-000878).|Mutation; HGNC; HGNC:11998; TP53; Simple; p.Asp259Val (c.776A>T); ClinVar=VCV000485034; Zygosity=Homozygous (PubMed=20557307; Cosmic-CLP=1240143; DepMap=ACH-000878).,CTNNB1; EP300; NRAS; RB1; TP53,NCIt; C3493; Lung squamous cell carcinoma,In situ; Lung; UBERON=UBERON_0002048.,NA
HCC-1833,HCC1833_LUNG,Lung,40,127n,NA,CVCL_5129,Mutation; HGNC; HGNC:11998; TP53; Simple; p.Thr284_Glu286del (c.850_858delACAGAGGAA); Zygosity=Unspecified (PubMed=10353731).,TP53,NCIt; C3512; Lung adenocarcinoma,In situ; Lung; UBERON=UBERON_0002048.,NA
HCC-56,HCC56_LARGE_INTESTINE,Large Intestine,7,128c,NA,CVCL_2917,Mutation; HGNC; HGNC:6407; KRAS; Simple; p.Gly12Val (c.35G>T); ClinVar=VCV000012583; Zygosity=Homozygous (Cosmic-CLP=1290907; DepMap=ACH-000467).|Mutation; HGNC; HGNC:11998; TP53; Simple; p.Arg196Pro (c.587G>C); ClinVar=VCV000231165; Zygosity=Homozygous (Cosmic-CLP=1290907; DepMap=ACH-000467).,KRAS; TP53,NCIt; C5473; Gastric tubular adenocarcinoma,Metastatic; Ascites; UBERON=UBERON_0007795.,NA
HCC-95,HCC95_LUNG,Lung,11,127c,NA,CVCL_5137,Mutation; HGNC; HGNC:11998; TP53; Simple; p.Arg335Valfs*10 (c.1002delG) (p.Gly334fs); Zygosity=Homozygous (PubMed=20557307; DepMap=ACH-000454).,TP53,NCIt; C3493; Lung squamous cell carcinoma,Metastatic; Pleural effusion; UBERON=UBERON_0000175.,NA
HCC 1806,HCC1806_BREAST,Breast,14,126,NA,CVCL_1258,Mutation; HGNC; HGNC:3701; FHIT; Unexplicit; Ex4del; Zygosity=Homozygous (PubMed=9288768).|Mutation; HGNC; HGNC:11998; TP53; Simple; p.Thr256Lysfs*90 (c.766_767insAA); Zygosity=Heterozygous (PubMed=9865903; Cosmic-CLP=907047; DepMap=ACH-000624).,FHIT; TP53,NCIt; C40359; Breast acantholytic squamous cell carcinoma,In situ; Breast; UBERON=UBERON_0000310.,NA
HCC 1954,HCC1954_BREAST,Breast,8,129n,NA,CVCL_1259,Gene fusion; HGNC; HGNC:2092; CLTC + HGNC; HGNC:29559; VMP1; Name(s)=CLTC-VMP1 (PubMed=23637631).|Mutation; HGNC; HGNC:8975; PIK3CA; Simple; p.His1047Arg (c.3140A>G); ClinVar=VCV000013652; Zygosity=Heterozygous (ATCC=CRL-2338).|Mutation; HGNC; HGNC:11998; TP53; Simple; p.Tyr163Cys (c.488A>G); ClinVar=VCV000127814; Zygosity=Homozygous (PubMed=28889351; ATCC=CRL-2338).,CLTC; HGNC; PIK3CA; TP53,NCIt; C4017; Breast ductal carcinoma,In situ; Breast; UBERON=UBERON_0000310.,NA
HCC1143,HCC1143_BREAST,Breast,16,127n,NA,CVCL_1245,Mutation; HGNC; HGNC:11998; TP53; Simple; p.Arg248Gln (c.743G>A); ClinVar=VCV000012356; Zygosity=Homozygous (PubMed=28889351; ATCC=CRL-2321).,TP53,NCIt; C4017; Breast ductal carcinoma,In situ; Breast; UBERON=UBERON_0000310.,NA
HCC1187,HCC1187_BREAST,Breast,20,127c,NA,CVCL_1247,Mutation; HGNC; HGNC:11998; TP53; Simple; p.Gly108del (c.322_324delGGT); ClinVar=VCV000156516; Zygosity=Homozygous (Cosmic-CLP=749711; DepMap=ACH-000111).,TP53,NA,In situ; Breast; UBERON=UBERON_0000310.,NA
HCC1395,HCC1395_BREAST,Breast,15,126,NA,CVCL_1249,Mutation; HGNC; HGNC:11998; TP53; Simple; p.Arg175His (c.524G>A); ClinVar=VCV000012374; Zygosity=Homozygous (PubMed=9865903; Cosmic-CLP=749712; DepMap=ACH-000699).,TP53,NCIt; C4017; Breast ductal carcinoma,In situ; Breast; UBERON=UBERON_0000310.,NA
HCC1500,HCC1500_BREAST,Breast,12,129n,NA,CVCL_1254,NA,NA,NCIt; C4017; Breast ductal carcinoma,In situ; Breast; UBERON=UBERON_0000310.,NA
HCC1937,HCC1937_BREAST,Breast,18,126,NA,CVCL_0290,"Gene deletion; HGNC; HGNC:9588; PTEN; Zygosity=Homozygous (PubMed=17334996; PubMed=19593635).|Mutation; HGNC; HGNC:1100; BRCA1; Simple; p.Gln1756Profs*74 (c.5266dupC) (5382insC); ClinVar=VCV000017677; Zygosity=Homozygous; Note=The lymphoblastoid cell line HCC1937 BL (Cellosaurus=CVCL_3281) is heterozygous for the same mutation (PubMed=9699648; PubMed=15162061; PubMed=16397213; PubMed=22032724; Cosmic-CLP=749714; DepMap=ACH-000223).|Mutation; HGNC; HGNC:9884; RB1; Simple; p.Thr738_Arg775del38 (c.2212_2325del114); Zygosity=Homozygous (PubMed=19593635).|Mutation; HGNC; HGNC:11876; TMPRSS2; Simple; p.Gly8Val (c.23G>T) (c.-57+99G>T); ClinVar=VCV001273671; Zygosity=Homozygous (PubMed=34339474).|Mutation; HGNC; HGNC:11876; TMPRSS2; Simple; p.Val197Met (c.589G>A) (p.Val160Met, c.478G>A); ClinVar=VCV001257425; Zygosity=Homozygous (PubMed=34339474).|Mutation; HGNC; HGNC:11998; TP53; Simple; p.Arg306Ter (c.916C>T); ClinVar=VCV000142144; Zygosity=Homozygous (PubMed=9865903; PubMed=16541312; PubMed=28889351; ATCC=CRL-2336; Cosmic-CLP=749714; DepMap=ACH-000223).",PTEN; BRCA1; RB1; TMPRSS2; TP53,NCIt; C4017; Breast ductal carcinoma,In situ; Breast; UBERON=UBERON_0000310.,NA
HCC2218,HCC2218_BREAST,Breast,21,127n,NA,CVCL_1263,Mutation; HGNC; HGNC:7029; MET; Simple; c.3083-1G>T; Zygosity=Homozygous; Note=Splice acceptor mutation (Cosmic-CLP=749716).|Mutation; HGNC; HGNC:11998; TP53; Simple; p.Arg283Cys (c.847C>T); ClinVar=VCV000127824; Zygosity=Unspecified (PubMed=9865903).,MET; TP53,NCIt; C4017; Breast ductal carcinoma,In situ; Breast; UBERON=UBERON_0000310.,NA
HCC38,HCC38_BREAST,Breast,11,126,NA,CVCL_1267,Mutation; HGNC; HGNC:11998; TP53; Simple; p.Arg273Leu (c.818G>T); ClinVar=VCV000376655; Zygosity=Homozygous (PubMed=9865903; ATCC=CRL-2314).,TP53,NCIt; C4017; Breast ductal carcinoma,In situ; Breast; UBERON=UBERON_0000310.,NA
HCC44,HCC44_LUNG,Lung,21,127c,NA,CVCL_2060,Mutation; HGNC; HGNC:6407; KRAS; Simple; p.Gly12Cys (c.34G>T); ClinVar=VCV000012578; Zygosity=Homozygous (Cosmic-CLP=1240145; DepMap=ACH-000667).|Mutation; HGNC; HGNC:11730; TERT; Simple; c.1-124C>A (c.228C>A) (C228A); Zygosity=Unspecified; Note=In promoter (PubMed=31068700).|Mutation; HGNC; HGNC:11998; TP53; Simple; p.Ser94Ter (c.281C>G); Zygosity=Homozygous (PubMed=20557307; Cosmic-CLP=1240145; DepMap=ACH-000667).|Mutation; HGNC; HGNC:11998; TP53; Simple; p.Arg175Leu (c.524G>T); ClinVar=VCV000182963; Zygosity=Homozygous (PubMed=20557307; Cosmic-CLP=1240145; DepMap=ACH-000667).,KRAS; TERT; TP53,NCIt; C3512; Lung adenocarcinoma,In situ; Lung; UBERON=UBERON_0002048.,NA
HCC70,HCC70_BREAST,Breast,13,130c,NA,CVCL_1270,Mutation; HGNC; HGNC:11998; TP53; Simple; p.Arg248Gln (c.743G>A); ClinVar=VCV000012356; Zygosity=Homozygous (PubMed=9865903; PubMed=28889351; ATCC=CRL-2315).,TP53,NCIt; C4017; Breast ductal carcinoma,In situ; Breast; UBERON=UBERON_0000310.,Epithelial cell of mammary gland; CL=CL_0002327.
HCC827,HCC827_LUNG,Lung,10,126,NA,CVCL_2063,Mutation; HGNC; HGNC:3236; EGFR; Simple; p.Glu746_Ala750del (c.2236_2250del15); ClinVar=VCV000177620; Zygosity=Heterozygous (DepMap=ACH-000012).|Mutation; HGNC; HGNC:11998; TP53; Simple; p.Val218del (c.646_648GTG[2]) (c.652_654delGTG); ClinVar=VCV000634761; Zygosity=Homozygous (Cosmic-CLP=1240146; DepMap=ACH-000012).,EGFR; TP53,NCIt; C3512; Lung adenocarcinoma,In situ; Lung; UBERON=UBERON_0002048.,NA
HCT-15,HCT15_LARGE_INTESTINE,Large Intestine,30,127c,NA,CVCL_0292,Mutation; HGNC; HGNC:583; APC; Simple; p.Arg727Met (c.2180G>T); Zygosity=Heterozygous (PubMed=17088437; PubMed=24755471; Cosmic-CLP=905937; DepMap=ACH-000997).|Mutation; HGNC; HGNC:583; APC; Simple; p.Lys993Asn (c.2979G>T); Zygosity=Heterozygous (PubMed=17088437; PubMed=24755471; Cosmic-CLP=905937; DepMap=ACH-000997).|Mutation; HGNC; HGNC:583; APC; Simple; p.Ile1417Leufs*2 (c.4248delC); Zygosity=Heterozygous (PubMed=17088437; PubMed=24755471; Cosmic-CLP=905937; DepMap=ACH-000997).|Mutation; HGNC; HGNC:583; APC; Simple; p.Arg2166Ter (c.6496C>T); ClinVar=VCV000438883; Zygosity=Heterozygous (PubMed=17088437; PubMed=24755471; Cosmic-CLP=905937; DepMap=ACH-000997).|Mutation; HGNC; HGNC:914; B2M; Simple; c.68-1G>T; Zygosity=Heterozygous; Note=Splice acceptor mutation (PubMed=8197130; Cosmic-CLP=905937; DepMap=ACH-000997).|Mutation; HGNC; HGNC:914; B2M; Simple; p.Tyr30Ter (c.90C>A); Zygosity=Heterozygous (PubMed=8197130; Cosmic-CLP=905937; DepMap=ACH-000997).|Mutation; HGNC; HGNC:1101; BRCA2; Simple; p.Cys1200Terfs (c.3599_3600delGT) (3827delGT); Zygosity=Heterozygous (PubMed=17088437; Cosmic-CLP=905937; DepMap=ACH-000997).|Mutation; HGNC; HGNC:1101; BRCA2; Simple; p.Asn1784Hisfs*7 (c.5350_5351delAA); ClinVar=VCV000037959; Zygosity=Heterozygous (PubMed=17088437; Cosmic-CLP=905937; DepMap=ACH-000997).|Mutation; HGNC; HGNC:16627; CHEK2; Simple; p.Arg145Trp (c.433C>T); ClinVar=VCV000005592; Zygosity=Heterozygous (PubMed=18167186; Cosmic-CLP=905937; DepMap=ACH-000997).|Mutation; HGNC; HGNC:6407; KRAS; Simple; p.Gly13Asp (c.38G>A); ClinVar=VCV000012580; Zygosity=Heterozygous (PubMed=17088437; PubMed=20570890; PubMed=24755471; PubMed=28683746; ATCC=CCL-225; Cosmic-CLP=905937; DepMap=ACH-000997).|Mutation; HGNC; HGNC:8975; PIK3CA; Simple; p.Glu545Lys (c.1633G>A); ClinVar=VCV000013655; Zygosity=Heterozygous (PubMed=17088437; PubMed=20570890; PubMed=24755471; PubMed=28683746; Cosmic-CLP=905937; DepMap=ACH-000997).|Mutation; HGNC; HGNC:8975; PIK3CA; Simple; p.Asp549Asn (c.1645G>A); ClinVar=VCV000375900; Zygosity=Heterozygous (PubMed=17088437; PubMed=20570890; PubMed=24755471; PubMed=28683746; Cosmic-CLP=905937; DepMap=ACH-000997).|Mutation; HGNC; HGNC:11998; TP53; Simple; p.Ser241Phe (c.722C>T); ClinVar=VCV000012359; Zygosity=Heterozygous (PubMed=9000147; PubMed=15900046; PubMed=17088437; PubMed=28683746; Cosmic-CLP=905937; DepMap=ACH-000997).|Mutation; HGNC; HGNC:11998; TP53; Simple; c.1101-2A>C; ClinVar=VCV000635383; Zygosity=Heterozygous; Note=Splice acceptor mutation (PubMed=9000147; PubMed=15900046; PubMed=17088437; PubMed=28683746; Cosmic-CLP=905937; DepMap=ACH-000997).,APC; B2M; BRCA2; CHEK2; KRAS; PIK3CA; TP53,NCIt; C4349; Colon adenocarcinoma,In situ; Colon; UBERON=UBERON_0001155.,Epithelial cell of colon; CL=CL_0011108.
HCT-15,HCT15_LARGE_INTESTINE,Large Intestine,18,127n,NA,CVCL_0292,Mutation; HGNC; HGNC:583; APC; Simple; p.Arg727Met (c.2180G>T); Zygosity=Heterozygous (PubMed=17088437; PubMed=24755471; Cosmic-CLP=905937; DepMap=ACH-000997).|Mutation; HGNC; HGNC:583; APC; Simple; p.Lys993Asn (c.2979G>T); Zygosity=Heterozygous (PubMed=17088437; PubMed=24755471; Cosmic-CLP=905937; DepMap=ACH-000997).|Mutation; HGNC; HGNC:583; APC; Simple; p.Ile1417Leufs*2 (c.4248delC); Zygosity=Heterozygous (PubMed=17088437; PubMed=24755471; Cosmic-CLP=905937; DepMap=ACH-000997).|Mutation; HGNC; HGNC:583; APC; Simple; p.Arg2166Ter (c.6496C>T); ClinVar=VCV000438883; Zygosity=Heterozygous (PubMed=17088437; PubMed=24755471; Cosmic-CLP=905937; DepMap=ACH-000997).|Mutation; HGNC; HGNC:914; B2M; Simple; c.68-1G>T; Zygosity=Heterozygous; Note=Splice acceptor mutation (PubMed=8197130; Cosmic-CLP=905937; DepMap=ACH-000997).|Mutation; HGNC; HGNC:914; B2M; Simple; p.Tyr30Ter (c.90C>A); Zygosity=Heterozygous (PubMed=8197130; Cosmic-CLP=905937; DepMap=ACH-000997).|Mutation; HGNC; HGNC:1101; BRCA2; Simple; p.Cys1200Terfs (c.3599_3600delGT) (3827delGT); Zygosity=Heterozygous (PubMed=17088437; Cosmic-CLP=905937; DepMap=ACH-000997).|Mutation; HGNC; HGNC:1101; BRCA2; Simple; p.Asn1784Hisfs*7 (c.5350_5351delAA); ClinVar=VCV000037959; Zygosity=Heterozygous (PubMed=17088437; Cosmic-CLP=905937; DepMap=ACH-000997).|Mutation; HGNC; HGNC:16627; CHEK2; Simple; p.Arg145Trp (c.433C>T); ClinVar=VCV000005592; Zygosity=Heterozygous (PubMed=18167186; Cosmic-CLP=905937; DepMap=ACH-000997).|Mutation; HGNC; HGNC:6407; KRAS; Simple; p.Gly13Asp (c.38G>A); ClinVar=VCV000012580; Zygosity=Heterozygous (PubMed=17088437; PubMed=20570890; PubMed=24755471; PubMed=28683746; ATCC=CCL-225; Cosmic-CLP=905937; DepMap=ACH-000997).|Mutation; HGNC; HGNC:8975; PIK3CA; Simple; p.Glu545Lys (c.1633G>A); ClinVar=VCV000013655; Zygosity=Heterozygous (PubMed=17088437; PubMed=20570890; PubMed=24755471; PubMed=28683746; Cosmic-CLP=905937; DepMap=ACH-000997).|Mutation; HGNC; HGNC:8975; PIK3CA; Simple; p.Asp549Asn (c.1645G>A); ClinVar=VCV000375900; Zygosity=Heterozygous (PubMed=17088437; PubMed=20570890; PubMed=24755471; PubMed=28683746; Cosmic-CLP=905937; DepMap=ACH-000997).|Mutation; HGNC; HGNC:11998; TP53; Simple; p.Ser241Phe (c.722C>T); ClinVar=VCV000012359; Zygosity=Heterozygous (PubMed=9000147; PubMed=15900046; PubMed=17088437; PubMed=28683746; Cosmic-CLP=905937; DepMap=ACH-000997).|Mutation; HGNC; HGNC:11998; TP53; Simple; c.1101-2A>C; ClinVar=VCV000635383; Zygosity=Heterozygous; Note=Splice acceptor mutation (PubMed=9000147; PubMed=15900046; PubMed=17088437; PubMed=28683746; Cosmic-CLP=905937; DepMap=ACH-000997).,APC; B2M; BRCA2; CHEK2; KRAS; PIK3CA; TP53,NCIt; C4349; Colon adenocarcinoma,In situ; Colon; UBERON=UBERON_0001155.,Epithelial cell of colon; CL=CL_0011108.
HCT 116,HCT116_LARGE_INTESTINE,Large Intestine,4,126,NA,CVCL_0291,Mutation; HGNC; HGNC:173; ACVR2A; Simple; p.Lys437Argfs*5 (c.1310delA); dbSNP=rs764719749; Zygosity=Homozygous (PubMed=12615714; Cosmic-CLP=905936; DepMap=ACH-000971).|Mutation; HGNC; HGNC:1101; BRCA2; Simple; p.Ile2675Aspfs*6 (c.8021dupA) (c.8021_8022insA); ClinVar=VCV000267050; Zygosity=Heterozygous (PubMed=17088437; Cosmic-CLP=905936; DepMap=ACH-000971).|Mutation; HGNC; HGNC:1787; CDKN2A; Simple; p.Arg24Serfs*20 (c.68dupG) (c.68_69insG) (p.G23fs); Zygosity=Heterozygous (PubMed=17088437; DepMap=ACH-000971).|Mutation; HGNC; HGNC:1787; CDKN2A; Simple; p.Glu33Argfs*20 (c.97delG); Zygosity=Heterozygous (DepMap=ACH-000971).|Mutation; HGNC; HGNC:1787; CDKN2A; Simple; p.Asp74fs*21 (c.220delG); Zygosity=Heterozygous (PubMed=17088437).|Mutation; HGNC; HGNC:2514; CTNNB1; Simple; p.Ser45del (c.133_135delTCT); ClinVar=VCV000017576; Zygosity=Heterozygous (PubMed=9294210; PubMed=24755471; ATCC=CCL-247; Cosmic-CLP=905936; DepMap=ACH-000971).|Mutation; HGNC; HGNC:3373; EP300; Simple; p.Met1470Cysfs*22 (c.4408delA); Zygosity=Heterozygous (Cosmic-CLP=905936; DepMap=ACH-000971).|Mutation; HGNC; HGNC:3373; EP300; Simple; p.Asn1700Thrfs*9 (c.5099delA); Zygosity=Heterozygous (PubMed=10700188; Cosmic-CLP=905936; DepMap=ACH-000971).|Mutation; HGNC; HGNC:6407; KRAS; Simple; p.Gly13Asp (c.38G>A); ClinVar=VCV000012580; Zygosity=Heterozygous (PubMed=12068308; PubMed=17088437; PubMed=20570890; PubMed=24755471; PubMed=28683746; Cosmic-CLP=905936; DepMap=ACH-000971).|Mutation; HGNC; HGNC:8975; PIK3CA; Simple; p.His1047Arg (c.3140A>G); ClinVar=VCV000013652; Zygosity=Heterozygous (PubMed=17088437; PubMed=20570890; PubMed=24755471; PubMed=28683746; Cosmic-CLP=905936; DepMap=ACH-000971).|Mutation; HGNC; HGNC:9277; PPM1D; Simple; p.Leu450Ter (c.1349delT) (p.Leu450fs) (c.1344delT); Zygosity=Heterozygous (PubMed=23649806; DepMap=ACH-000971).|Mutation; HGNC; HGNC:11773; TGFBR2; Simple; p.Lys128Serfs*35 (c.383delA); ClinVar=VCV000477546; Zygosity=Homozygous (PubMed=12615714).|Mutation; HGNC; HGNC:11998; TP53; None_reported; -; Zygosity=- (PubMed=9715273; PubMed=15900046; PubMed=16418264).,ACVR2A; BRCA2; CDKN2A; CTNNB1; EP300; KRAS; PIK3CA; PPM1D; TGFBR2; TP53,NCIt; C4910; Colon carcinoma,In situ; Colon; UBERON=UBERON_0001155.,NA
HD-MY-Z,HDMYZ_HAEMATOPOIETIC_AND_LYMPHOID_TISSUE,Haematopoietic and Lymphoid Tissue,41,127n,NA,CVCL_1273,Mutation; HGNC; HGNC:7989; NRAS; Simple; p.Gly13Asp (c.38G>A); ClinVar=VCV000013901; Zygosity=Heterozygous (Cosmic-CLP=907050).|Mutation; HGNC; HGNC:11998; TP53; Simple; p.Tyr234Valfs*2 (c.696_706del11); Zygosity=Heterozygous (Cosmic-CLP=907050).,NRAS; TP53,NCIt; C9154; Adult acute myeloid leukemia|ORDO; Orphanet_519; Acute myeloid leukemia,In situ; Pleural effusion; UBERON=UBERON_0000175.,NA
HDQ-P1,HDQP1_BREAST,Breast,41,127c,NA,CVCL_2067,Mutation; HGNC; HGNC:12637; KDM6A; Simple; p.Arg165Ter (c.493C>T); ClinVar=VCV000692010; Zygosity=Homozygous (Cosmic-CLP=1290922; DepMap=ACH-000643).|Mutation; HGNC; HGNC:11876; TMPRSS2; Simple; p.Gly8Val (c.23G>T) (c.-57+99G>T); ClinVar=VCV001273671; Zygosity=Heterozygous (PubMed=34339474).|Mutation; HGNC; HGNC:11998; TP53; Simple; p.Arg213Ter (c.637C>T); ClinVar=VCV000043590; Zygosity=Homozygous (Cosmic-CLP=1290922; DepMap=ACH-000643).,KDM6A; TMPRSS2; TP53,NCIt; C4017; Breast ductal carcinoma,In situ; Breast; UBERON=UBERON_0000310.,NA
HEC-1-A,HEC1A_ENDOMETRIUM,Endometrium,31,126,NA,CVCL_0293,Mutation; HGNC; HGNC:6407; KRAS; Simple; p.Gly12Asp (c.35G>A); ClinVar=VCV000012582; Zygosity=Heterozygous (PubMed=12068308; DepMap=ACH-000954).|Mutation; HGNC; HGNC:7329; MSH6; Simple; p.Phe1088Serfs*2 (c.3261delC); ClinVar=VCV000089363; Zygosity=Heterozygous (DepMap=ACH-000954).|Mutation; HGNC; HGNC:7329; MSH6; Simple; c.4001+1G>T; ClinVar=VCV001736936; Zygosity=Heterozygous; Note=Splice donor mutation (DepMap=ACH-000954).|Mutation; HGNC; HGNC:9122; PMS2; Simple; p.Arg802Ter (c.2404C>T); ClinVar=VCV000009237; Zygosity=Heterozygous (DepMap=ACH-000954).|Mutation; HGNC; HGNC:11998; TP53; Simple; p.Arg248Gln (c.743G>A); ClinVar=VCV000012356; Zygosity=Homozygous (PubMed=15053063; PubMed=15901131; DepMap=ACH-000954).,KRAS; MSH6; PMS2; TP53,NCIt; C39749; Type II endometrial adenocarcinoma,In situ; Endometrium; UBERON=UBERON_0001295.,NA
HEC-108,HEC108_ENDOMETRIUM,Endometrium,39,127c,NA,CVCL_2923,Mutation; HGNC; HGNC:11110; ARID1A; Simple; p.Arg1446Ter (c.4336C>T); Zygosity=Heterozygous (DepMap=ACH-000990).|Mutation; HGNC; HGNC:11998; TP53; Simple; p.Pro151His (c.452C>A); ClinVar=VCV000376639; Zygosity=Heterozygous (DepMap=ACH-000990).,ARID1A; TP53,NCIt; C7359; Endometrial adenocarcinoma,In situ; Endometrium; UBERON=UBERON_0001295.,NA
HEC-251,HEC251_ENDOMETRIUM,Endometrium,23,128n,NA,CVCL_2927,Mutation; HGNC; HGNC:16712; FBXW7; Simple; p.Arg479Gln (c.1436G>A); ClinVar=VCV000376419; Zygosity=Heterozygous (Cosmic-CLP; DepMap=ACH-000996).|Mutation; HGNC; HGNC:9588; PTEN; Simple; p.Glu299Ter (c.895G>T); ClinVar=VCV000428263; Zygosity=Heterozygous (DepMap=ACH-000996).|Mutation; HGNC; HGNC:9884; RB1; Simple; p.Arg552Ter (c.1654C>T); ClinVar=VCV000126840; Zygosity=Heterozygous (DepMap=ACH-000996).|Mutation; HGNC; HGNC:11998; TP53; Simple; p.Gly154Asp (c.461G>A); ClinVar=VCV000237950; Zygosity=Unspecified (PubMed=15053063).|Mutation; HGNC; HGNC:11998; TP53; Simple; p.Arg213Ter (c.637C>T); ClinVar=VCV000043590; Zygosity=Heterozygous (DepMap=ACH-000996).|Mutation; HGNC; HGNC:11998; TP53; Simple; p.Ser241Tyr (c.722C>A); ClinVar=VCV000376663; Zygosity=Heterozygous (DepMap=ACH-000996).,FBXW7; PTEN; RB1; TP53,NCIt; C7558; Endometrial carcinoma,In situ; Endometrium; UBERON=UBERON_0001295.,NA
HEC-265,HEC265_ENDOMETRIUM,Endometrium,37,127c,NA,CVCL_2928,Mutation; HGNC; HGNC:2514; CTNNB1; Simple; p.Asp32Val (c.95A>T); ClinVar=VCV000376230; Zygosity=Heterozygous (DepMap=ACH-000946).,CTNNB1,NCIt; C7359; Endometrial adenocarcinoma,In situ; Endometrium; UBERON=UBERON_0001295.,NA
HEC-50B,HEC50B_ENDOMETRIUM,Endometrium,29,128c,NA,CVCL_2929,Mutation; HGNC; HGNC:391; AKT1; Simple; p.Glu40Lys (c.118G>A); Zygosity=Homozygous (DepMap=ACH-000831).|Mutation; HGNC; HGNC:6407; KRAS; Simple; p.Gly12Asp (c.35G>A); ClinVar=VCV000012582; Zygosity=Homozygous (DepMap=ACH-000831).,AKT1; KRAS,NCIt; C39749; Type II endometrial adenocarcinoma,Metastatic; Ascites; UBERON=UBERON_0007795.,NA
HEC-59,HEC59_ENDOMETRIUM,Endometrium,25,127c,NA,CVCL_2930,"Mutation; HGNC; HGNC:7989; NRAS; Simple; p.Ala146Val (c.437C>T); Zygosity=Heterozygous (DepMap=ACH-000994).|Mutation; HGNC; HGNC:9588; PTEN; Simple; p.Tyr46His (c.136T>C); ClinVar=VCV001701143; Zygosity=Heterozygous (PubMed=20944090; DepMap=ACH-000994).|Mutation; HGNC; HGNC:9588; PTEN; Simple; p.Pro213Leufs (c.637_638insT) (c.637C>CT); Zygosity=Heterozygous (PubMed=20944090).|Mutation; HGNC; HGNC:9588; PTEN; Simple; p.Arg233Ter (c.697C>T); ClinVar=VCV000007813; Zygosity=Heterozygous (PubMed=20944090; DepMap=ACH-000994).|Mutation; HGNC; HGNC:9588; PTEN; Simple; p.Lys267Argfs*9 (c.800delA) (p.Leu265fs, c.795delA); ClinVar=VCV000092828; Zygosity=Heterozygous (PubMed=20944090; DepMap=ACH-000994).|Mutation; HGNC; HGNC:11998; TP53; Simple; p.Ser95Phe (c.284C>T); ClinVar=VCV001796813; Zygosity=Heterozygous (DepMap=ACH-000994).|Mutation; HGNC; HGNC:11998; TP53; Simple; p.Arg273His (c.818G>A); ClinVar=VCV000012366; Zygosity=Heterozygous (PubMed=15053063; DepMap=ACH-000994).",NRAS; PTEN; TP53,NCIt; C7359; Endometrial adenocarcinoma,In situ; Endometrium; UBERON=UBERON_0001295.,NA
HEC-6,HEC6_ENDOMETRIUM,Endometrium,35,130n,NA,CVCL_2931,Mutation; HGNC; HGNC:2514; CTNNB1; Simple; p.Asp32Val (c.95A>T); ClinVar=VCV000376230; Zygosity=Heterozygous (DepMap=ACH-000984).|Mutation; HGNC; HGNC:6407; KRAS; Simple; p.Val160Ala (c.479T>C); Zygosity=Heterozygous (DepMap=ACH-000984).|Mutation; HGNC; HGNC:8975; PIK3CA; Simple; p.Arg108His (c.323G>A); ClinVar=VCV000280875; Zygosity=Heterozygous (DepMap=ACH-000984).|Mutation; HGNC; HGNC:8975; PIK3CA; Simple; p.Cys420_Pro421del (c.1258_1263delTGTCCA); Zygosity=Heterozygous (DepMap=ACH-000984).|Mutation; HGNC; HGNC:9588; PTEN; Simple; p.Glu288fs*3 (c.863delA); Zygosity=Heterozygous (DepMap=ACH-000984).|Mutation; HGNC; HGNC:11998; TP53; Simple; p.Arg273His (c.818G>A); ClinVar=VCV000012366; Zygosity=Heterozygous (DepMap=ACH-000984).,CTNNB1; KRAS; PIK3CA; PTEN; TP53,"NCIt; C6290; Endometrial endometrioid adenocarcinoma, variant with squamous differentiation",In situ; Endometrium; UBERON=UBERON_0001295.,NA
HEL,HEL_HAEMATOPOIETIC_AND_LYMPHOID_TISSUE,Haematopoietic and Lymphoid Tissue,23,128c,NA,CVCL_0001,Mutation; HGNC; HGNC:6192; JAK2; Simple; p.Val617Phe (c.1849G>T); ClinVar=VCV000014662; Zygosity=Homozygous (PubMed=16408098).|Mutation; HGNC; HGNC:11998; TP53; Simple; p.Met133Lys (c.398T>A); ClinVar=VCV002430159; Zygosity=Homozygous (Cosmic-CLP=907053; DepMap=ACH-000004).,JAK2; TP53,NCIt; C7152; Erythroleukemia|ORDO; Orphanet_318; Acute erythroid leukemia,In situ; Peripheral blood; UBERON=UBERON_0000178.,Erythroblast; CL=CL_0000765.
HEL,HEL_HAEMATOPOIETIC_AND_LYMPHOID_TISSUE,Acute Myeloid Leukemia,0,129n,Bridge line,CVCL_0001,Mutation; HGNC; HGNC:6192; JAK2; Simple; p.Val617Phe (c.1849G>T); ClinVar=VCV000014662; Zygosity=Homozygous (PubMed=16408098).|Mutation; HGNC; HGNC:11998; TP53; Simple; p.Met133Lys (c.398T>A); ClinVar=VCV002430159; Zygosity=Homozygous (Cosmic-CLP=907053; DepMap=ACH-000004).,JAK2; TP53,NCIt; C7152; Erythroleukemia|ORDO; Orphanet_318; Acute erythroid leukemia,In situ; Peripheral blood; UBERON=UBERON_0000178.,Erythroblast; CL=CL_0000765.
HEL 92.1.7,HEL9217_HAEMATOPOIETIC_AND_LYMPHOID_TISSUE,Haematopoietic and Lymphoid Tissue,33,127c,NA,CVCL_2481,Mutation; HGNC; HGNC:6192; JAK2; Simple; p.Val617Phe (c.1849G>T); ClinVar=VCV000014662; Zygosity=Homozygous (from parent cell line).|Mutation; HGNC; HGNC:11998; TP53; Simple; p.Met133Lys (c.398T>A); ClinVar=VCV002430159; Zygosity=Homozygous (DepMap=ACH-000005).,JAK2; TP53,NCIt; C7152; Erythroleukemia|ORDO; Orphanet_318; Acute erythroid leukemia,In situ; Peripheral blood; UBERON=UBERON_0000178.,Erythroblast; CL=CL_0000765.
Hep 3B2.1-7,HEP3B217_LIVER,Liver,2,126,NA,CVCL_0326,Mutation; HGNC; HGNC:903; AXIN1; Simple; p.Arg146Ter (c.436C>T); Zygosity=Homozygous (PubMed=31395879; Cosmic-CLP=1240147; DepMap=ACH-000625).|Mutation; HGNC; HGNC:9884; RB1; Simple; p.Ser576Ter (c.1727C>G); Zygosity=Homozygous (PubMed=31395879; Cosmic-CLP=1240147; DepMap=ACH-000625).,AXIN1; RB1,NCIt; C7955; Childhood hepatocellular carcinoma|ORDO; Orphanet_33402; Pediatric hepatocellular carcinoma,In situ; Liver; UBERON=UBERON_0002107.,NA
Hep G2,HEPG2_LIVER,Liver,2,127n,NA,CVCL_0027,Mutation; HGNC; HGNC:7989; NRAS; Simple; p.Gln61Leu (c.182A>T); ClinVar=VCV000375874; Zygosity=Heterozygous (PubMed=8389256; PubMed=12068308; DepMap=ACH-000739).|Mutation; HGNC; HGNC:11730; TERT; Simple; c.1-124C>T (c.228C>T) (C228T); Zygosity=Unspecified; Note=In promoter (PubMed=31068700).,NRAS; TERT,NCIt; C3728; Hepatoblastoma|ORDO; Orphanet_449; Hepatoblastoma,In situ; Liver; UBERON=UBERON_0002107.,NA
Hey-A8,HEYA8_OVARY,Ovary,27,127c,NA,CVCL_8878,Mutation; HGNC; HGNC:1097; BRAF; Simple; p.Gly464Glu (c.1391G>A); ClinVar=VCV000013964; Zygosity=Homozygous (DepMap=ACH-000542).|Mutation; HGNC; HGNC:6407; KRAS; Simple; p.Gly12Asp (c.35G>A); ClinVar=VCV000012582; Zygosity=Heterozygous (DepMap=ACH-000542).,BRAF; KRAS,NCIt; C105555; High grade ovarian serous adenocarcinoma,In situ; Ovary; UBERON=UBERON_0000992.,NA
HGC-27,HGC27_STOMACH,Stomach,6,128n,NA,CVCL_1279,Mutation; HGNC; HGNC:882; ATR; Simple; p.Gly2316fs*9 (c.6947delG); Zygosity=Heterozygous (Cosmic-CLP=907055; DepMap=ACH-000847).|Mutation; HGNC; HGNC:8975; PIK3CA; Simple; p.Glu542Lys (c.1624G>A); ClinVar=VCV000031944; Zygosity=Heterozygous (Cosmic-CLP=907055; DepMap=ACH-000847).|Mutation; HGNC; HGNC:11998; TP53; Simple; p.Pro153Alafs*28 (c.455dupC) (c.455_456insC) (p.P152fs) (c.459_460insC); ClinVar=VCV000182958; Zygosity=Heterozygous (Cosmic-CLP=907055; DepMap=ACH-000847).,ATR; PIK3CA; TP53,NCIt; C4911; Gastric carcinoma,Metastatic; Lymph node; UBERON=UBERON_0000029.,NA
HLF,HLF_LIVER,Liver,4,127n,NA,CVCL_2947,Mutation; HGNC; HGNC:11730; TERT; Simple; c.1-124C>T (c.228C>T) (C228T); Zygosity=Unspecified; Note=In promoter (PubMed=31378681).|Mutation; HGNC; HGNC:11998; TP53; Simple; p.Gly244Ala (c.731G>C); ClinVar=VCV000458560; Zygosity=Unspecified (PubMed=8389256; PubMed=31378681).,TERT; TP53,NCIt; C7956; Adult hepatocellular carcinoma|ORDO; Orphanet_210159; Adult hepatocellular carcinoma,In situ; Liver; UBERON=UBERON_0002107.,Fibroblast; CL=CL_0000057.
Hs 294T,HS294T_SKIN,Skin,2,129n,NA,CVCL_0331,Mutation; HGNC; HGNC:1097; BRAF; Simple; p.Val600Glu (c.1799T>A); ClinVar=VCV000013961; Zygosity=Heterozygous (PubMed=15467732; DepMap=ACH-000014).|Mutation; HGNC; HGNC:11730; TERT; Simple; c.1-124C>T (c.228C>T) (C228T); Zygosity=Unspecified; Note=In promoter (PubMed=31068700).,BRAF; TERT,NCIt; C3224; Melanoma,Metastatic; Lymph node; UBERON=UBERON_0000029.,NA
Hs 695T,HS695T_SKIN,Skin,5,130c,NA,CVCL_0851,Mutation; HGNC; HGNC:1097; BRAF; Simple; p.Val600Glu (c.1799T>A); ClinVar=VCV000013961; Zygosity=Heterozygous (ATCC=HTB-137; DepMap=ACH-000799).|Mutation; HGNC; HGNC:11730; TERT; Simple; c.1-146C>T (c.250C>T) (C250T); Zygosity=Unspecified; Note=In promoter (PubMed=31068700).,BRAF; TERT,NCIt; C3802; Amelanotic melanoma,Metastatic; Lymph node; UBERON=UBERON_0000029.,NA
Hs 944.T,HS944T_SKIN,Skin,5,128c,NA,CVCL_1040,"Mutation; HGNC; HGNC:1787; CDKN2A; Simple; p.His83Tyr (c.247C>T) (p.Ala97Val, c.290C>T); ClinVar=VCV000376307; Zygosity=Homozygous (DepMap=ACH-000632).|Mutation; HGNC; HGNC:16712; FBXW7; Simple; p.Arg479Gln (c.1436G>A); ClinVar=VCV000376419; Zygosity=Heterozygous (DepMap=ACH-000632).|Mutation; HGNC; HGNC:7989; NRAS; Simple; p.Gln61Lys (c.181C>A); ClinVar=VCV000073058; Zygosity=Heterozygous (PubMed=10766161; PubMed=15009714; DepMap=ACH-000632).|Mutation; HGNC; HGNC:9588; PTEN; Simple; p.Lys163fs (c.486_487insA); Zygosity=Heterozygous (DepMap=ACH-000632).|Mutation; HGNC; HGNC:11730; TERT; Simple; c.242_243CC>TT (-138/-139CC>TT); Zygosity=Unspecified; Note=In promoter (PubMed=31068700).|Mutation; HGNC; HGNC:11998; TP53; Simple; p.Lys382Asnfs*40 (c.1146delA); ClinVar=VCV001408583; Zygosity=Homozygous (DepMap=ACH-000632).",CDKN2A; FBXW7; NRAS; PTEN; TERT; TP53,NCIt; C3510; Cutaneous melanoma,NA,NA
Hs578t,HS578T_BREAST,Breast,0,127c,Bridge line,CVCL_0332,Gene deletion; HGNC; HGNC:1787; CDKN2A; Zygosity=Homozygous (PubMed=19593635).|Mutation; HGNC; HGNC:5173; HRAS; Simple; p.Gly12Asp (c.35G>A); ClinVar=VCV000012612; Zygosity=Heterozygous (PubMed=17088437; PubMed=19593635; PubMed=28889351).|Mutation; HGNC; HGNC:7427; MT-CYB; Simple; p.Ala125Thr (m.15119G>A); ClinVar=VCV000693829; Zygosity=Homoplasmic (PubMed=29671673).|Mutation; HGNC; HGNC:11998; TP53; Simple; p.Val157Phe (c.469G>T); ClinVar=VCV000012353; Zygosity=Homozygous (PubMed=1961733; PubMed=16541312; PubMed=17088437; PubMed=18277095; PubMed=28889351).,CDKN2A; HRAS; MT-CYB; TP53,NCIt; C4194; Invasive breast carcinoma of no special type,In situ; Breast; UBERON=UBERON_0000310.,NA
HSC-3,HSC3_UPPER_AERODIGESTIVE_TRACT,Upper Aerodigestive Tract,7,127n,NA,CVCL_1288,Mutation; HGNC; HGNC:1787; CDKN2A; Simple; p.Glu120Ter (c.358G>T); Zygosity=Homozygous (Cosmic-CLP=907061; DepMap=ACH-000778).|Mutation; HGNC; HGNC:8975; PIK3CA; Simple; p.Glu545Gly (c.1634A>G); ClinVar=VCV000013656; Zygosity=Unspecified (PubMed=18097548).|Mutation; HGNC; HGNC:11730; TERT; Simple; c.1-124C>T (c.228C>T) (C228T); Zygosity=Unspecified; Note=In promoter (PubMed=31068700).|Mutation; HGNC; HGNC:11998; TP53; Simple; p.Lys305fs (c.912_913insTAAG); Zygosity=Unspecified (PubMed=1570156; PubMed=10741724; DepMap=ACH-000778).,CDKN2A; PIK3CA; TERT; TP53,NCIt; C4648; Tongue squamous cell carcinoma|ORDO; Orphanet_457252; Squamous cell carcinoma of the oral tongue,Metastatic; Cervical lymph node; UBERON=UBERON_0002429.,NA
HSC4,HSC4_UPPER_AERODIGESTIVE_TRACT,Upper Aerodigestive Tract,21,128n,NA,CVCL_1289,"Mutation; HGNC; HGNC:1787; CDKN2A; Simple; p.Arg80Ter (c.238C>T) (p.Pro94Leu, c.281C>T); ClinVar=VCV000009409; Zygosity=Homozygous (DepMap=ACH-000546).|Mutation; HGNC; HGNC:8975; PIK3CA; Simple; p.Glu545Lys (c.1633G>A); ClinVar=VCV000013655; Zygosity=Heterozygous (PubMed=18097548; DepMap=ACH-000546).|Mutation; HGNC; HGNC:11730; TERT; Simple; c.1-124C>T (c.228C>T) (C228T); Zygosity=Unspecified; Note=In promoter (PubMed=31068700).|Mutation; HGNC; HGNC:11998; TP53; Simple; p.Arg248Gln (c.743G>A); ClinVar=VCV000012356; Zygosity=Unspecified (PubMed=1570156; PubMed=10741724).",CDKN2A; PIK3CA; TERT; TP53,NCIt; C4648; Tongue squamous cell carcinoma|ORDO; Orphanet_457252; Squamous cell carcinoma of the oral tongue,Metastatic; Cervical lymph node; UBERON=UBERON_0002429.,NA
HT-1080,HT1080_SOFT_TISSUE,Soft Tissue,34,128c,NA,CVCL_0317,Gene deletion; HGNC; HGNC:1787; CDKN2A; Zygosity=Homozygous (ATCC=CCL-121).|Mutation; HGNC; HGNC:5382; IDH1; Simple; p.Arg132Cys (c.394C>T); ClinVar=VCV000375891; Zygosity=Heterozygous (PubMed=26368816).|Mutation; HGNC; HGNC:7989; NRAS; Simple; p.Gln61Lys (c.181C>A); ClinVar=VCV000073058; Zygosity=Heterozygous (PubMed=12068308; ATCC=CCL-121; Cosmic-CLP=907064; DepMap=ACH-000054).,CDKN2A; IDH1; NRAS,NCIt; C3043; Fibrosarcoma|ORDO; Orphanet_2030; Fibrosarcoma,"In situ; Bone, pelvis, acetabulum; UBERON=UBERON_0001269.",NA
HT-1197,HT1197_URINARY_TRACT,Urinary Tract,6,127n,NA,CVCL_1291,Mutation; HGNC; HGNC:7989; NRAS; Simple; p.Gln61Arg (c.182A>G); ClinVar=VCV000013900; Zygosity=Unspecified (PubMed=12068308).|Mutation; HGNC; HGNC:11730; TERT; Simple; c.1-124C>T (c.228C>T) (C228T); Zygosity=Unspecified; Note=In promoter (PubMed=24035680).|Mutation; HGNC; HGNC:11998; TP53; Simple; p.His365Arg (c.1094A>G); Zygosity=Unspecified (PubMed=7787250).,NRAS; TERT; TP53,NCIt; C7899; Recurrent bladder carcinoma,In situ; Urinary bladder; UBERON=UBERON_0001255.,NA
HT-1376,HT1376_URINARY_TRACT,Urinary Tract,13,127n,NA,CVCL_1292,Mutation; HGNC; HGNC:9884; RB1; Simple; p.Gln702Ter (c.2104C>T); ClinVar=VCV000428683; Zygosity=Homozygous (PubMed=27270441).|Mutation; HGNC; HGNC:11730; TERT; Simple; c.1-124C>T (c.228C>T) (C228T); Zygosity=Unspecified; Note=In promoter (PubMed=24035680; PubMed=31068700).|Mutation; HGNC; HGNC:11998; TP53; Simple; p.Pro250Leu (c.749C>T); ClinVar=VCV000420136; Zygosity=Unspecified (PubMed=7787250; PubMed=9850064).,RB1; TERT; TP53,NCIt; C4912; Bladder carcinoma,In situ; Urinary bladder; UBERON=UBERON_0001255.,NA
HT-29,HT29_LARGE_INTESTINE,Large Intestine,4,127c,NA,CVCL_0320,Mutation; HGNC; HGNC:583; APC; Simple; p.Glu853Ter (c.2557G>T); ClinVar=VCV001071632; Zygosity=Heterozygous (PubMed=17088437; PubMed=24755471; PubMed=28179481; Cosmic-CLP=905939; DepMap=ACH-000552).|Mutation; HGNC; HGNC:583; APC; Simple; p.Thr1556Asnfs*3 (c.4666dupA) (c.4666_4667insA); ClinVar=VCV000428112; Zygosity=Heterozygous (PubMed=17088437; PubMed=24755471; PubMed=28179481; Cosmic-CLP=905939; DepMap=ACH-000552).|Mutation; HGNC; HGNC:1097; BRAF; Simple; p.Val600Glu (c.1799T>A); ClinVar=VCV000013961; Zygosity=Heterozygous (PubMed=12068308; PubMed=17088437; PubMed=20570890; PubMed=24755471; PubMed=28683746; Cosmic-CLP=905939; DepMap=ACH-000552).|Mutation; HGNC; HGNC:8975; PIK3CA; Simple; p.Pro449Thr (c.1345C>A); ClinVar=VCV001333250; Zygosity=Heterozygous (PubMed=17088437; PubMed=20570890; PubMed=24755471; Cosmic-CLP=905939; DepMap=ACH-000552).|Mutation; HGNC; HGNC:6770; SMAD4; Simple; p.Gln311Ter (c.931C>T); ClinVar=VCV000230663; Zygosity=Homozygous (PubMed=17088437; PubMed=24755471; Cosmic-CLP=905939; DepMap=ACH-000552).|Mutation; HGNC; HGNC:11998; TP53; Simple; p.Arg273His (c.818G>A); ClinVar=VCV000012366; Zygosity=Homozygous (PubMed=7651727; PubMed=9000147; PubMed=9331090; PubMed=15900046; PubMed=17088437; PubMed=21912889; PubMed=24755471; PubMed=28683746; Cosmic-CLP=905939; DepMap=ACH-000552).,APC; BRAF; PIK3CA; SMAD4; TP53,NCIt; C4349; Colon adenocarcinoma,In situ; Colon; UBERON=UBERON_0001155.,NA
HT115,HT115_LARGE_INTESTINE,Large Intestine,4,129c,NA,CVCL_2520,Mutation; HGNC; HGNC:11998; TP53; Simple; p.Arg213Ter (c.637C>T); ClinVar=VCV000043590; Zygosity=Heterozygous (Cosmic-CLP=907289; DepMap=ACH-000986).,TP53,NCIt; C4910; Colon carcinoma,NA,NA
HT55,HT55_LARGE_INTESTINE,Large Intestine,6,130c,NA,CVCL_1294,Mutation; HGNC; HGNC:583; APC; Simple; p.Gln1131Ter (c.3391C>T); ClinVar=VCV000236590; Zygosity=Heterozygous (PubMed=24755471; DepMap=ACH-000926).|Mutation; HGNC; HGNC:583; APC; Simple; p.Gln1303Ter (c.3907C>T); ClinVar=VCV001076263; Zygosity=Heterozygous (PubMed=24755471; DepMap=ACH-000926).|Mutation; HGNC; HGNC:583; APC; Simple; p.Arg1463Ser (c.4389A>T); Zygosity=Heterozygous (PubMed=24755471; DepMap=ACH-000926).|Mutation; HGNC; HGNC:1097; BRAF; Simple; p.Asn581Tyr (c.1741A>T); Zygosity=Heterozygous (DepMap=ACH-000926).|Mutation; HGNC; HGNC:2978; DNMT3A; Simple; p.Lys241Ter (c.721A>T); Zygosity=Heterozygous (DepMap=ACH-000926).|Mutation; HGNC; HGNC:11998; TP53; Simple; p.Arg213Leu (c.638G>T); ClinVar=VCV000376650; Zygosity=Homozygous (PubMed=16418264; PubMed=24755471; DepMap=ACH-000926).,APC; BRAF; DNMT3A; TP53,NCIt; C9383; Rectal adenocarcinoma,In situ; Rectum; UBERON=UBERON_0001052.,NA
HuG1-N,HUG1N_STOMACH,Stomach,22,127n,NA,CVCL_4846,Mutation; HGNC; HGNC:11998; TP53; Simple; p.His193Pro (c.578A>C); ClinVar=VCV000376612; Zygosity=Unspecified (PubMed=15901131).,TP53,NCIt; C5473; Gastric tubular adenocarcinoma,Metastatic; Ascites; UBERON=UBERON_0007795.,NA
huH-1,HUH1_LIVER,Liver,3,130c,NA,CVCL_2956,Mutation; HGNC; HGNC:903; AXIN1; Simple; p.Asn302Profs*111 (c.904_907delAACC); Zygosity=Homozygous (PubMed=31395879; DepMap=ACH-000475).|Mutation; HGNC; HGNC:11998; TP53; Simple; p.Arg110Leu (c.329G>T); ClinVar=VCV000406597; Zygosity=Homozygous (PubMed=31395879; Cosmic-CLP=1298146; DepMap=ACH-000475).,AXIN1; TP53,NCIt; C7956; Adult hepatocellular carcinoma|ORDO; Orphanet_210159; Adult hepatocellular carcinoma,In situ; Liver; UBERON=UBERON_0002107.,NA
HuH-6,HUH6_LIVER,Liver,20,128n,NA,CVCL_4381,Mutation; HGNC; HGNC:2514; CTNNB1; Simple; p.Gly34Val (c.101G>T); ClinVar=VCV000017582; Zygosity=Heterozygous (PubMed=9671767; DepMap=ACH-000671).|Mutation; HGNC; HGNC:11998; TP53; Simple; p.Ala159Asp (c.476C>A); ClinVar=VCV001026335; Zygosity=Heterozygous (DepMap=ACH-000671).|Mutation; HGNC; HGNC:11998; TP53; Simple; p.Asn239Asp (c.715A>G); ClinVar=VCV000234036; Zygosity=Heterozygous (DepMap=ACH-000671).,CTNNB1; TP53,NCIt; C3728; Hepatoblastoma|ORDO; Orphanet_449; Hepatoblastoma,In situ; Liver; UBERON=UBERON_0002107.,NA
HuH-7,HUH7_LIVER,Liver,6,127c,NA,CVCL_0336,"Mutation; HGNC; HGNC:6307; KDR; Simple; p.Gln472His (c.1416A>T); ClinVar=VCV000134603; Zygosity=Homozygous (PubMed=29774518).|Mutation; HGNC; HGNC:20932; POLD3; Simple; p.Lys109Arg (c.326A>G) (p.Lys70Arg, c.209A>G); Zygosity=Unspecified (PubMed=33193621).|Mutation; HGNC; HGNC:11730; TERT; Simple; c.1-124C>T (c.228C>T) (C228T); Zygosity=Unspecified; Note=In promoter (PubMed=31378681).|Mutation; HGNC; HGNC:11998; TP53; Simple; p.Tyr220Cys (c.659A>G); ClinVar=VCV000127819; Zygosity=Homozygous (PubMed=8389256; PubMed=29774518; PubMed=31395879).",KDR; POLD3; TERT; TP53,NCIt; C7956; Adult hepatocellular carcinoma|ORDO; Orphanet_210159; Adult hepatocellular carcinoma,In situ; Liver; UBERON=UBERON_0002107.,NA
HUP-T3,HUPT3_PANCREAS,Pancreas,31,127n,NA,CVCL_1299,Mutation; HGNC; HGNC:6407; KRAS; Simple; p.Gly12Arg (c.34G>C); ClinVar=VCV000012579; Zygosity=Heterozygous (Cosmic-CLP=907285; DepMap=ACH-000118).|Mutation; HGNC; HGNC:7329; MSH6; Simple; p.Lys1358fs*2 (c.4071_4072insGATT); Zygosity=Heterozygous (Cosmic-CLP=907285; DepMap=ACH-000118).|Mutation; HGNC; HGNC:11998; TP53; Simple; p.Arg282Trp (c.844C>T); ClinVar=VCV000012364; Zygosity=Homozygous (Cosmic-CLP=907285; DepMap=ACH-000118).,KRAS; MSH6; TP53,NCIt; C8294; Pancreatic adenocarcinoma,Metastatic; Ascites; UBERON=UBERON_0007795.,NA
HUP-T4,HUPT4_PANCREAS,Pancreas,41,129c,NA,CVCL_1300,Mutation; HGNC; HGNC:6407; KRAS; Simple; p.Gly12Val (c.35G>T); ClinVar=VCV000012583; Zygosity=Heterozygous (Cosmic-CLP=907286; DepMap=ACH-000213).|Mutation; HGNC; HGNC:11998; TP53; Simple; p.Ile255Thr (c.764T>C); ClinVar=VCV000376623; Zygosity=Homozygous (Cosmic-CLP=907286; DepMap=ACH-000213).,KRAS; TP53,NCIt; C8294; Pancreatic adenocarcinoma,Metastatic; Ascites; UBERON=UBERON_0007795.,NA
IA-LM,IALM_LUNG,Lung,34,130c,NA,CVCL_1302,Mutation; HGNC; HGNC:6407; KRAS; Simple; p.Gly12Cys (c.34G>T); ClinVar=VCV000012578; Zygosity=Homozygous (Cosmic-CLP=910779; DepMap=ACH-000672).|Mutation; HGNC; HGNC:11998; TP53; Simple; p.Gln192Ter (c.574C>T); ClinVar=VCV000406579; Zygosity=Homozygous (Cosmic-CLP=910779; DepMap=ACH-000672).,KRAS; TP53,NCIt; C4450; Lung large cell carcinoma,NA,NA
IGR-1,IGR1_SKIN,Skin,30,128n,NA,CVCL_1303,Mutation; HGNC; HGNC:1097; BRAF; Simple; p.Val600Lys (c.1798_1799delGTinsAA); ClinVar=VCV000375941; Zygosity=Heterozygous (PubMed=25056119; Cosmic-CLP=907169; DepMap=ACH-000882).|Mutation; HGNC; HGNC:9801; RAC1; Simple; p.Pro29Ser (c.85C>T); ClinVar=VCV000376362; Zygosity=Heterozygous (PubMed=25056119; Cosmic-CLP=907169; DepMap=ACH-000882).,BRAF; RAC1,NCIt; C3510; Cutaneous melanoma,Metastatic; Inguinal lymph node; UBERON=UBERON_0001542.,NA
IGR-37,IGR37_SKIN,Skin,1,130n,NA,CVCL_2075,Mutation; HGNC; HGNC:1097; BRAF; Simple; p.Val600Glu (c.1799T>A); ClinVar=VCV000013961; Zygosity=Heterozygous (Cosmic-CLP=1240153; DepMap=ACH-000650).|Mutation; HGNC; HGNC:11998; TP53; Simple; p.Cys229Tyrfs*10 (c.686_687delGT); ClinVar=VCV000863486; Zygosity=Heterozygous (Cosmic-CLP=1240153; DepMap=ACH-000650).,BRAF; TP53,NCIt; C3224; Melanoma,Metastatic; Inguinal lymph node; UBERON=UBERON_0001542.,NA
IGR-39,IGR39_SKIN,Skin,7,130c,NA,CVCL_2076,Gene deletion; HGNC; HGNC:9588; PTEN; Zygosity=Homozygous (PubMed=23851445).|Mutation; HGNC; HGNC:1097; BRAF; Simple; p.Val600Glu (c.1799T>A); ClinVar=VCV000013961; Zygosity=Heterozygous (PubMed=23851445; DepMap=ACH-000550).|Mutation; HGNC; HGNC:11730; TERT; Simple; c.1-124C>T (c.228C>T) (C228T); Zygosity=Unspecified; Note=In promoter (PubMed=31068700).|Mutation; HGNC; HGNC:11998; TP53; Simple; p.Cys229Tyrfs*10 (c.686_687delGT); ClinVar=VCV000863486; Zygosity=Unspecified (DepMap=ACH-000550).,PTEN; BRAF; TERT; TP53,NCIt; C3224; Melanoma,In situ; Skin; UBERON=UBERON_0002097.,NA
IGROV1,IGROV1_OVARY,Ovary,19,126,NA,CVCL_1304,Mutation; HGNC; HGNC:1100; BRCA1; Simple; p.Lys654Serfs*47 (c.1961delA); ClinVar=VCV000037438; Zygosity=Heterozygous (PubMed=17088437; PubMed=25230021; Cosmic-CLP=905968).|Mutation; HGNC; HGNC:1101; BRCA2; Simple; p.Lys1108Argfs*11 (c.3323delA) (p.Gln1107fs) (c.3320delA); ClinVar=VCV000225716; Zygosity=Unspecified (PubMed=25230021).|Mutation; HGNC; HGNC:8975; PIK3CA; Simple; p.Arg38Cys (c.112C>T); ClinVar=VCV000376493; Zygosity=Heterozygous (Cosmic-CLP=905968; DepMap=ACH-000966).|Mutation; HGNC; HGNC:8975; PIK3CA; Simple; p.Ter1069TrpinsLysAspAsn (c.3207A>G); Zygosity=Heterozygous (Cosmic-CLP=905968; DepMap=ACH-000966).|Mutation; HGNC; HGNC:9588; PTEN; Simple; p.Thr319fs*1 (c.955_958delACTT) (p.VL317fs) (V317fs*3); Zygosity=Heterozygous (PubMed=17088437; PubMed=25230021; Cosmic-CLP=905968; DepMap=ACH-000966).|Mutation; HGNC; HGNC:9884; RB1; Simple; p.Val654Cysfs*4 (c.1959delA); ClinVar=VCV002724056; Zygosity=Heterozygous (Cosmic-CLP=905968; DepMap=ACH-000966).|Mutation; HGNC; HGNC:6770; SMAD4; Simple; p.Gly231Alafs*10 (c.692delG); ClinVar=VCV001756201; Zygosity=Heterozygous (PubMed=17088437; Cosmic-CLP=905968; DepMap=ACH-000966).|Mutation; HGNC; HGNC:6770; SMAD4; Simple; p.Leu495Pro (c.1484T>C); Zygosity=Heterozygous (PubMed=17088437; Cosmic-CLP=905968; DepMap=ACH-000966).|Mutation; HGNC; HGNC:11998; TP53; Simple; p.Ser90Leufs*59 (c.267dupC) (c.267_268insC); ClinVar=VCV000634762; Zygosity=Heterozygous (PubMed=17088437; PubMed=24023729; PubMed=25230021; Cosmic-CLP=905968; DepMap=ACH-000966).|Mutation; HGNC; HGNC:11998; TP53; Simple; p.Tyr126Cys (c.377A>G); ClinVar=VCV000458541; Zygosity=Heterozygous (PubMed=17088437; PubMed=24023729; PubMed=25230021; Cosmic-CLP=905968; DepMap=ACH-000966).,BRCA1; BRCA2; PIK3CA; PTEN; RB1; SMAD4; TP53,NCIt; C7979; Ovarian endometrioid adenocarcinoma|ORDO; Orphanet_454723; Endometrioid carcinoma of ovary,In situ; Ovary; UBERON=UBERON_0000992.,NA
IM95,IM95_STOMACH,Stomach,28,128n,NA,CVCL_2961,NA,NA,NCIt; C4004; Gastric adenocarcinoma,In situ; Stomach; UBERON=UBERON_0000945.,NA
IPC-298,IPC298_SKIN,Skin,8,128n,NA,CVCL_1307,Mutation; HGNC; HGNC:1787; CDKN2A; Simple; p.Arg99Pro (c.296G>C); ClinVar=VCV000491572; Zygosity=Homozygous (PubMed=9354451; Cosmic-CLP=907171; DepMap=ACH-000915).|Mutation; HGNC; HGNC:7989; NRAS; Simple; p.Gln61Leu (c.182A>T); ClinVar=VCV000375874; Zygosity=Heterozygous (PubMed=22383533; Cosmic-CLP=907171; DepMap=ACH-000915).|Mutation; HGNC; HGNC:11730; TERT; Simple; c.1-146C>T (c.250C>T) (C250T); Zygosity=Unspecified; Note=In promoter (PubMed=31068700).|Mutation; HGNC; HGNC:11998; TP53; Simple; p.Arg213Ter (c.637C>T); ClinVar=VCV000043590; Zygosity=Homozygous (Cosmic-CLP=907171; DepMap=ACH-000915).,CDKN2A; NRAS; TERT; TP53,NCIt; C3510; Cutaneous melanoma,NA,NA
Ishikawa (Heraklio) 02 ER-,ISHIKAWAHERAKLIO02ER_ENDOMETRIUM,Endometrium,42,127n,NA,CVCL_6543,NA,NA,NCIt; C40145; Type I endometrial adenocarcinoma,In situ; Endometrium; UBERON=UBERON_0001295.,NA
J82,J82_URINARY_TRACT,Urinary Tract,40,128n,NA,CVCL_0359,Mutation; HGNC; HGNC:583; APC; Simple; p.Ser770Pro (c.2308T>C); ClinVar=VCV000140988; Zygosity=Heterozygous (Cosmic-CLP=753566; DepMap=ACH-000396).|Mutation; HGNC; HGNC:8975; PIK3CA; Simple; p.Pro124Leu (c.371C>T); Zygosity=Heterozygous (ATCC=HTB-1; Cosmic-CLP=753566; DepMap=ACH-000396).|Mutation; HGNC; HGNC:9588; PTEN; Simple; p.Asn212fs*1 (c.635_1212del578); Zygosity=Homozygous (ATCC=HTB-1).|Mutation; HGNC; HGNC:9884; RB1; Simple; c.2107-2A>G; ClinVar=VCV000013077; Zygosity=Homozygous; Note=Splice acceptor mutation (PubMed=2594029; ATCC=HTB-1; Cosmic-CLP=753566; DepMap=ACH-000396).|Mutation; HGNC; HGNC:11730; TERT; Simple; c.1-124C>T (c.228C>T) (C228T); Zygosity=Unspecified; Note=In promoter (PubMed=24035680).|Mutation; HGNC; HGNC:11998; TP53; Simple; p.Glu271Lys (c.811G>A); ClinVar=VCV000406566; Zygosity=Homozygous (PubMed=7787250; PubMed=9850064; ATCC=HTB-1).|Mutation; HGNC; HGNC:11998; TP53; Simple; p.Lys320Asn (c.960G>C); Zygosity=Heterozygous (PubMed=7787250; PubMed=9850064; ATCC=HTB-1).,APC; PIK3CA; PTEN; RB1; TERT; TP53,NCIt; C4912; Bladder carcinoma,In situ; Urinary bladder; UBERON=UBERON_0001255.,NA
JeKo-1,JEKO1_HAEMATOPOIETIC_AND_LYMPHOID_TISSUE,Haematopoietic and Lymphoid Tissue,39,128n,NA,CVCL_1865,Gene deletion; HGNC; HGNC:1787; CDKN2A; Zygosity=Heterozygous (PubMed=16448697).|Gene deletion; HGNC; HGNC:11998; TP53; Zygosity=Heterozygous (PubMed=16448697).|Mutation; HGNC; HGNC:11998; TP53; Simple; p.Pro58Glnfs*65 (c.173delC); ClinVar=VCV001394451; Zygosity=Heterozygous (PubMed=16448697).,CDKN2A; TP53,NCIt; C4337; Mantle cell lymphoma|ORDO; Orphanet_52416; Mantle cell lymphoma,In situ; Peripheral blood; UBERON=UBERON_0000178.,NA
JHH-1,JHH1_LIVER,Liver,34,126,NA,CVCL_2785,NA,NA,NCIt; C3098; Hepatitis C infection|NCIt; C7956; Adult hepatocellular carcinoma|ORDO; Orphanet_210159; Adult hepatocellular carcinoma,NA,NA
JHH-4,JHH4_LIVER,Liver,40,128c,NA,CVCL_2787,Mutation; HGNC; HGNC:173; ACVR2A; Simple; p.Cys78Ter (c.234T>A); Zygosity=Unspecified (PubMed=31378681).|Mutation; HGNC; HGNC:11730; TERT; Simple; c.1-124C>T (c.228C>T) (C228T); Zygosity=Unspecified; Note=In promoter (PubMed=31378681).|Mutation; HGNC; HGNC:11998; TP53; Simple; p.Arg249Ser (c.747G>T); ClinVar=VCV000012352; Zygosity=Homozygous (Cosmic-CLP=1240158; DepMap=ACH-000476).,ACVR2A; TERT; TP53,NCIt; C3098; Hepatitis C infection|NCIt; C7956; Adult hepatocellular carcinoma|ORDO; Orphanet_210159; Adult hepatocellular carcinoma,NA,NA
JHH-5,JHH5_LIVER,Liver,4,130n,NA,CVCL_0364,Mutation; HGNC; HGNC:903; AXIN1; Simple; p.Gln6Argfs*22 (c.17_18delAG); Zygosity=Unspecified (PubMed=31378681).|Mutation; HGNC; HGNC:11730; TERT; Simple; c.1-124C>T (c.228C>T) (C228T); Zygosity=Unspecified; Note=In promoter (PubMed=31068700; PubMed=31378681).|Mutation; HGNC; HGNC:11998; TP53; Simple; p.Pro190_His193del (c.569_580del12); Zygosity=Unspecified (DepMap=ACH-000734).,AXIN1; TERT; TP53,NCIt; C7956; Adult hepatocellular carcinoma|ORDO; Orphanet_210159; Adult hepatocellular carcinoma,In situ; Liver; UBERON=UBERON_0002107.,NA
JHH-6,JHH6_LIVER,Liver,41,128n,NA,CVCL_2788,Mutation; HGNC; HGNC:11730; TERT; Simple; c.1-124C>T (c.228C>T) (C228T); Zygosity=Unspecified; Note=In promoter (PubMed=31068700; PubMed=31378681).|Mutation; HGNC; HGNC:11998; TP53; Simple; p.Glu336Aspfs*7 (c.1008_1018delGCGCTTCGAGA); Zygosity=Heterozygous (PubMed=31378681; Cosmic-CLP=1240159; DepMap=ACH-000217).,TERT; TP53,NCIt; C3098; Hepatitis C infection|NCIt; C7956; Adult hepatocellular carcinoma|ORDO; Orphanet_210159; Adult hepatocellular carcinoma,NA,NA
JHH-7,JHH7_LIVER,Liver,5,129n,NA,CVCL_2805,Mutation; HGNC; HGNC:11730; TERT; Simple; c.1-124C>T (c.228C>T) (C228T); Zygosity=Unspecified; Note=In promoter (PubMed=31068700; PubMed=31378681).|Mutation; HGNC; HGNC:11998; TP53; Simple; p.Arg267Pro (c.800G>C); ClinVar=VCV000428867; Zygosity=Unspecified (PubMed=31378681; DepMap=ACH-000848).,TERT; TP53,NCIt; C7956; Adult hepatocellular carcinoma|ORDO; Orphanet_210159; Adult hepatocellular carcinoma,NA,NA
JHOS-2,JHOS2_OVARY,Ovary,33,128c,NA,CVCL_4647,Mutation; HGNC; HGNC:11998; TP53; Simple; c.767_782+4delTGACCTGGAGTCTTCCAGTG; Zygosity=Unspecified (Cosmic-CLP=1479995; DepMap=ACH-000132).,TP53,NCIt; C105555; High grade ovarian serous adenocarcinoma,Metastatic; Lymph node; UBERON=UBERON_0000029.,NA
JHUEM-2,JHUEM2_ENDOMETRIUM,Endometrium,28,128c,NA,CVCL_4656,NA,NA,NCIt; C7359; Endometrial adenocarcinoma,In situ; Endometrium; UBERON=UBERON_0001295.,NA
JIMT-1,JIMT1_BREAST,Breast,3,127n,NA,CVCL_2077,Mutation; HGNC; HGNC:8975; PIK3CA; Simple; p.Cys420Arg (c.1258T>C); ClinVar=VCV000031945; Zygosity=Heterozygous (DepMap=ACH-000711).|Mutation; HGNC; HGNC:11998; TP53; Simple; p.Arg248Trp (c.742C>T); ClinVar=VCV000012347; Zygosity=Homozygous (DepMap=ACH-000711).,PIK3CA; TP53,NCIt; C4017; Breast ductal carcinoma,Metastatic; Pleural effusion; UBERON=UBERON_0000175.,NA
JM1,JM1_HAEMATOPOIETIC_AND_LYMPHOID_TISSUE,Haematopoietic and Lymphoid Tissue,38,127c,NA,CVCL_3532,NA,NA,NCIt; C8644; B acute lymphoblastic leukemia|ORDO; Orphanet_99860; Precursor B-cell acute lymphoblastic leukemia,In situ; Peripheral blood; UBERON=UBERON_0000178.,NA
JMSU-1,JMSU1_URINARY_TRACT,Urinary Tract,2,130c,NA,CVCL_2081,Mutation; HGNC; HGNC:11730; TERT; Simple; c.1-124C>T (c.228C>T) (C228T); Zygosity=Unspecified; Note=In promoter (PubMed=24035680).|Mutation; HGNC; HGNC:11998; TP53; Simple; p.Arg280Thr (c.839G>C); ClinVar=VCV000012368; Zygosity=Homozygous (DepMap=ACH-000753).,TERT; TP53,NCIt; C4912; Bladder carcinoma,Metastatic; Ascites; UBERON=UBERON_0007795.,NA
JURKAT,JURKAT_HAEMATOPOIETIC_AND_LYMPHOID_TISSUE,Haematopoietic and Lymphoid Tissue,39,128c,NA,CVCL_0065,Mutation; HGNC; HGNC:959; BAX; Simple; p.Glu41Argfs*19 (c.121delG); ClinVar=VCV000009512; Zygosity=Heterozygous (PubMed=9583678).|Mutation; HGNC; HGNC:959; BAX; Simple; p.Glu41Glyfs*33 (c.121dupG); ClinVar=VCV000009511; Zygosity=Heterozygous (PubMed=9583678).|Mutation; HGNC; HGNC:16712; FBXW7; Simple; p.Arg505Cys (c.1513C>T); ClinVar=VCV000069961; Zygosity=Heterozygous (PubMed=22675565; Cosmic-CLP=998184).|Mutation; HGNC; HGNC:6079; INPP5D; Simple; p.Gln345Ter (c.1033C>T); Zygosity=Heterozygous (PubMed=19473701).|Mutation; HGNC; HGNC:6079; INPP5D; Simple; c.1097+1065_1097+1112del47; Zygosity=Heterozygous (PubMed=19473701).|Mutation; HGNC; HGNC:7325; MSH2; Simple; p.Arg711Ter (c.2131C>T); ClinVar=VCV000090903; Zygosity=Homozygous (PubMed=9583678).|Mutation; HGNC; HGNC:7329; MSH6; Simple; p.Phe1088Serfs*2 (c.3261delC); ClinVar=VCV000089363; Zygosity=Homozygous (PubMed=9510473).|Mutation; HGNC; HGNC:7881; NOTCH1; Simple; p.Arg1627His (c.4880G>A); ClinVar=VCV000409067; Zygosity=Heterozygous (PubMed=15472075).|Mutation; HGNC; HGNC:11998; TP53; Simple; p.Arg196Ter (c.586C>T); ClinVar=VCV000043589; Zygosity=Heterozygous (PubMed=2144611; PubMed=10071127; PubMed=19220422; PubMed=22675565; Cosmic-CLP=998184).,BAX; FBXW7; INPP5D; MSH2; MSH6; NOTCH1; TP53,NCIt; C7953; Childhood T acute lymphoblastic leukemia|ORDO; Orphanet_99861; Precursor T-cell acute lymphoblastic leukemia,In situ; Peripheral blood; UBERON=UBERON_0000178.,T-cell; CL=CL_0000084.
K-562,K562_HAEMATOPOIETIC_AND_LYMPHOID_TISSUE,Haematopoietic and Lymphoid Tissue,25,128n,NA,CVCL_0004,"Gene fusion; HGNC; HGNC:76; ABL1 + HGNC; HGNC:1014; BCR; Name(s)=BCR-ABL1, BCR-ABL; Note=BCR exon 14 fused to ABL1 exon 2 (b3a2 transcript) (PubMed=10071072; PubMed=10071072; PubMed=12506034; PubMed=20809971).|Mutation; HGNC; HGNC:11998; TP53; Simple; p.Gln136fs*13 (c.406_407insC); Zygosity=Homozygous (PubMed=17088437; PubMed=18277095).",ABL1; HGNC; TP53,"NCIt; C9110; Blast phase chronic myelogenous leukemia, BCR-ABL1 positive|ORDO; Orphanet_521; Chronic myeloid leukemia",In situ; Pleural effusion; UBERON=UBERON_0000175.,NA
K029AX,K029AX_SKIN,Skin,33,128n,NA,CVCL_8784,Mutation; HGNC; HGNC:1097; BRAF; Simple; p.Val600Glu (c.1799T>A); ClinVar=VCV000013961; Zygosity=Heterozygous (DepMap=ACH-000404).|Mutation; HGNC; HGNC:11730; TERT; Simple; c.1-124C>T (c.228C>T) (C228T); Zygosity=Unspecified; Note=In promoter (PubMed=31068700).,BRAF; TERT,NCIt; C3510; Cutaneous melanoma,NA,NA
KARPAS-299,KARPAS299_HAEMATOPOIETIC_AND_LYMPHOID_TISSUE,Haematopoietic and Lymphoid Tissue,27,130c,NA,CVCL_1324,Gene fusion; HGNC; HGNC:427; ALK + HGNC; HGNC:7910; NPM1; Name(s)=NPM1-ALK (PubMed=26657151; PubMed=29899875).|Mutation; HGNC; HGNC:11998; TP53; Simple; p.Arg273Cys (c.817C>T); ClinVar=VCV000043594; Zygosity=Homozygous (Cosmic-CLP=907273).,ALK; HGNC; TP53,"NCIt; C37193; Anaplastic large cell lymphoma, ALK-positive|ORDO; Orphanet_300895; ALK-positive anaplastic large cell lymphoma",In situ; Peripheral blood; UBERON=UBERON_0000178.,NA
KARPAS-422,KARPAS422_HAEMATOPOIETIC_AND_LYMPHOID_TISSUE,Haematopoietic and Lymphoid Tissue,28,129n,NA,CVCL_1325,Mutation; HGNC; HGNC:11110; ARID1A; Simple; p.Gln2176fs*48 (c.6527_6528delAG); Zygosity=Heterozygous (Cosmic-CLP=907274; DepMap=ACH-000315).|Mutation; HGNC; HGNC:11998; TP53; Simple; p.Lys319Ter (c.955A>T); Zygosity=Homozygous (Cosmic-CLP=907274; DepMap=ACH-000315).,ARID1A; TP53,NCIt; C36080; Diffuse large B-cell lymphoma germinal center B-cell type|ORDO; Orphanet_544; Diffuse large B-cell lymphoma,In situ; Pleural effusion; UBERON=UBERON_0000175.,NA
KASUMI-1,KASUMI1_HAEMATOPOIETIC_AND_LYMPHOID_TISSUE,Haematopoietic and Lymphoid Tissue,28,129c,NA,CVCL_0589,"Gene fusion; HGNC; HGNC:10471; RUNX1 + HGNC; HGNC:1535; RUNX1T1; Name(s)=RUNX1-RUNX1T1, AML1-ETO (PubMed=11753612; PubMed=15843827; PubMed=24976338; PubMed=25485619).|Mutation; HGNC; HGNC:6342; KIT; Simple; p.Asn822Lys (c.2466T>A) (N818K); ClinVar=VCV000375931; Zygosity=Heterozygous (PubMed=12111653; PubMed=18385756).|Mutation; HGNC; HGNC:9811; RAD21; Simple; p.Lys330Profs*6 (c.987insCCGG); Zygosity=Unspecified (PubMed=23955599).|Mutation; HGNC; HGNC:11998; TP53; Simple; p.Arg248Gln (c.743G>A); ClinVar=VCV000012356; Zygosity=Homozygous (Cosmic-CLP=907275).",RUNX1; HGNC; KIT; RAD21; TP53,NCIt; C9381; Childhood acute myeloid leukemia with maturation|ORDO; Orphanet_98834; Acute myeloblastic leukemia with maturation,In situ; Peripheral blood; UBERON=UBERON_0000178.,NA
KASUMI-2,KASUMI2_HAEMATOPOIETIC_AND_LYMPHOID_TISSUE,Haematopoietic and Lymphoid Tissue,38,128n,NA,CVCL_0590,"Gene fusion; HGNC; HGNC:8632; PBX1 + HGNC; HGNC:11633; TCF3; Name(s)=TCF3-PBX1, E2A-PBX1 (PubMed=32180206; PubMed=35354797; DepMap=ACH-000728).|Mutation; HGNC; HGNC:5173; HRAS; Simple; p.Gly13Ser (c.37G>A); ClinVar=VCV000376323; Zygosity=Heterozygous (DepMap=ACH-000728).|Mutation; HGNC; HGNC:6407; KRAS; Simple; p.Val14Leu (c.40G>T); Zygosity=Heterozygous (DepMap=ACH-000728).|Mutation; HGNC; HGNC:11998; TP53; Simple; p.Glu11Gln (c.31G>C); ClinVar=VCV000041723; Zygosity=Heterozygous (DepMap=ACH-000728).",PBX1; HGNC; HRAS; KRAS; TP53,NCIt; C9140; Childhood B acute lymphoblastic leukemia|NCIt; C80347; B acute lymphoblastic leukemia with t(1;19)(q23;p13.3) E2A-PBX1 (TCF3-PBX1)|ORDO; Orphanet_585956; B-lymphoblastic leukemia/lymphoma with t(1;19)(q23;p13.3),In situ; Bone marrow; UBERON=UBERON_0002371.,NA
KATO III,KATOIII_STOMACH,Stomach,15,130n,NA,CVCL_0371,Gene deletion; HGNC; HGNC:11998; TP53; Zygosity=Homozygous (PubMed=1370612; PubMed=1933850; PubMed=11107048).,TP53,NCIt; C2993; Down syndrome|NCIt; C5250; Gastric signet ring cell adenocarcinoma|ORDO; Orphanet_870; Down syndrome,Metastatic; Pleural effusion; UBERON=UBERON_0000175.,NA
KMRC-1,KMRC1_KIDNEY,Kidney,1,128n,NA,CVCL_2983,Mutation; HGNC; HGNC:12687; VHL; Simple; p.Phe76del (c.227_229delTCT); Zygosity=Homozygous (DepMap=ACH-000684).,VHL,NCIt; C4033; Clear cell renal cell carcinoma|ORDO; Orphanet_319276; Clear cell renal carcinoma,In situ; Kidney; UBERON=UBERON_0002113.,NA
KMRC-20,KMRC20_KIDNEY,Kidney,2,128c,NA,CVCL_2986,Mutation; HGNC; HGNC:11998; TP53; Simple; c.672+1G>T; ClinVar=VCV000630765; Zygosity=Homozygous; Note=Splice donor mutation (Cosmic-CLP=1298169; DepMap=ACH-000250).,TP53,NCIt; C4033; Clear cell renal cell carcinoma|ORDO; Orphanet_319276; Clear cell renal carcinoma,In situ; Kidney; UBERON=UBERON_0002113.,NA
KMS-11,KMS11_HAEMATOPOIETIC_AND_LYMPHOID_TISSUE,Haematopoietic and Lymphoid Tissue,32,127c,NA,CVCL_2989,Gene fusion; HGNC; HGNC:5722; IGKJ4 + HGNC; HGNC:5739; IGKV1-37; Name(s)=IGKV1-37-IGKJ4 (CelloPub=CLPUB00604).|Gene fusion; HGNC; HGNC:5723; IGKJ5 + HGNC; HGNC:5816; IGKV3-15; Name(s)=IGKV3-15-IGKJ5 (CelloPub=CLPUB00604).|Mutation; HGNC; HGNC:3690; FGFR3; Simple; p.Tyr373Cys (c.1118A>G); ClinVar=VCV000016342; Zygosity=Unspecified (PubMed=11157491; CelloPub=CLPUB00604).|Mutation; HGNC; HGNC:12033; TRAF3; Simple; p.Lys191Leufs*3; Zygosity=Homozygous (PubMed=17692805).,IGKJ4; HGNC; IGKJ5; FGFR3; TRAF3,NCIt; C3242; Plasma cell myeloma|ORDO; Orphanet_29073; Multiple myeloma,In situ; Pleural effusion; UBERON=UBERON_0000175.,Plasma cell; CL=CL_0000786.
KMS-12-BM,KMS12BM_HAEMATOPOIETIC_AND_LYMPHOID_TISSUE,Haematopoietic and Lymphoid Tissue,27,128c,NA,CVCL_1334,Mutation; HGNC; HGNC:11998; TP53; Simple; p.Arg337Leu (c.1010G>T); ClinVar=VCV000142828; Zygosity=Homozygous (PubMed=21173094; Cosmic-CLP=907281; DepMap=ACH-000380).,TP53,NCIt; C3242; Plasma cell myeloma|ORDO; Orphanet_29073; Multiple myeloma,In situ; Bone marrow; UBERON=UBERON_0002371.,Plasma cell; CL=CL_0000786.
KMS-27,KMS27_HAEMATOPOIETIC_AND_LYMPHOID_TISSUE,Haematopoietic and Lymphoid Tissue,31,127c,NA,CVCL_2993,NA,NA,NCIt; C3242; Plasma cell myeloma|ORDO; Orphanet_29073; Multiple myeloma,In situ; Peripheral blood; UBERON=UBERON_0000178.,Plasma cell; CL=CL_0000786.
KNS-42,KNS42_CENTRAL_NERVOUS_SYSTEM,Central Nervous System,39,127n,NA,CVCL_0378,Mutation; HGNC; HGNC:1058; BLM; Simple; p.Ser186_Lys187delinsTer (c.557_559delCAA) (S186*); ClinVar=VCV000005455; Zygosity=Heterozygous (Cosmic-CLP=907282; DepMap=ACH-000622).|Mutation; HGNC; HGNC:4764; H3-3A; Simple; p.Gly35Val (c.104G>T) (G34V); Zygosity=Heterozygous (DepMap=ACH-000622).|Mutation; HGNC; HGNC:11998; TP53; Simple; p.Arg342Ter (c.1024C>T); ClinVar=VCV000182970; Zygosity=Homozygous (Cosmic-CLP=907282; DepMap=ACH-000622).,BLM; H3-3A; TP53,"NCIt; C39750; Glioblastoma, IDH-wildtype|ORDO; Orphanet_360; Glioblastoma","In situ; Brain, right fronto-parietal lobe.",NA
KNS-81,KNS81_CENTRAL_NERVOUS_SYSTEM,Central Nervous System,29,129n,NA,CVCL_2799,Mutation; HGNC; HGNC:11730; TERT; Simple; c.1-124C>T (c.228C>T) (C228T); Zygosity=Unspecified; Note=In promoter (PubMed=31068700).|Mutation; HGNC; HGNC:11998; TP53; None_reported; -; Zygosity=- (DepMap=ACH-000479).,TERT; TP53,"NCIt; C39750; Glioblastoma, IDH-wildtype|ORDO; Orphanet_360; Glioblastoma",In situ; Brain; UBERON=UBERON_0000955.,NA
KP-2,KP2_PANCREAS,Pancreas,36,127n,NA,CVCL_3004,Mutation; HGNC; HGNC:6407; KRAS; Simple; p.Gly12Arg (c.34G>C); ClinVar=VCV000012579; Zygosity=Heterozygous (Cosmic-CLP=1298218; DepMap=ACH-000281).|Mutation; HGNC; HGNC:6770; SMAD4; Simple; p.Asp415Glufs*20 (c.1245_1248delCAGA); ClinVar=VCV000142253; Zygosity=Heterozygous (PubMed=18380791; Cosmic-CLP=1298218; DepMap=ACH-000281).|Mutation; HGNC; HGNC:11998; TP53; Simple; p.Ala161Asp (c.482C>A); ClinVar=VCV000422295; Zygosity=Homozygous (PubMed=21607521; DepMap=ACH-000281).,KRAS; SMAD4; TP53,NCIt; C207229; Pancreatic carcinoma,In situ; Pancreas; UBERON=UBERON_0001264.,NA
KP4,KP4_PANCREAS,Pancreas,24,129n,NA,CVCL_1338,Mutation; HGNC; HGNC:6407; KRAS; Simple; p.Gly12Asp (c.35G>A); ClinVar=VCV000012582; Zygosity=Heterozygous (Cosmic-CLP=753572; DepMap=ACH-000265).,KRAS,NCIt; C207229; Pancreatic carcinoma,Metastatic; Ascites; UBERON=UBERON_0007795.,NA
KPL-1,KPL1_BREAST,Breast,3,128n,NA,CVCL_2094,Gene deletion; HGNC; HGNC:1787; CDKN2A; Zygosity=Homozygous (from parent cell line).|Mutation; HGNC; HGNC:4172; GATA3; Simple; p.Asp336Glyfs*17 (c.1006dupG); Zygosity=Heterozygous (from parent cell line).|Mutation; HGNC; HGNC:8975; PIK3CA; Simple; p.Glu545Lys (c.1633G>A); ClinVar=VCV000013655; Zygosity=Heterozygous (PubMed=28889351).,CDKN2A; GATA3; PIK3CA,NCIt; C4194; Invasive breast carcinoma of no special type,Metastatic; Pleural effusion; UBERON=UBERON_0000175.,NA
KU-19-19,KU1919_URINARY_TRACT,Urinary Tract,36,127c,NA,CVCL_1344,Mutation; HGNC; HGNC:391; AKT1; Simple; p.Glu17Lys (c.49G>A); ClinVar=VCV000013983; Zygosity=Unspecified (PubMed=19802009).,AKT1,NCIt; C4912; Bladder carcinoma,In situ; Urinary bladder; UBERON=UBERON_0001255.,NA
KURAMOCHI,KURAMOCHI_OVARY,Ovary,15,129c,NA,CVCL_1345,Mutation; HGNC; HGNC:11998; TP53; Simple; p.Asp281Tyr (c.841G>T); ClinVar=VCV000376585; Zygosity=Homozygous (PubMed=24023729).,TP53,NCIt; C105555; High grade ovarian serous adenocarcinoma,Metastatic; Ascites; UBERON=UBERON_0007795.,NA
KYM-1,KYM1_SOFT_TISSUE,Soft Tissue,38,128c,NA,CVCL_3007,Gene deletion; HGNC; HGNC:11103; SMARCB1; Zygosity=Homozygous (PubMed=11921280).,SMARCB1,NCIt; C8971; Embryonal rhabdomyosarcoma|ORDO; Orphanet_99757; Embryonal rhabdomyosarcoma,In situ; Neck; UBERON=UBERON_0000974.,NA
KYSE-150,KYSE150_OESOPHAGUS,Oesophagus,26,127c,NA,CVCL_1348,Mutation; HGNC; HGNC:11998; TP53; Simple; p.Arg248Gln (c.743G>A); ClinVar=VCV000012356; Zygosity=Heterozygous (Cosmic-CLP=907317).,TP53,NCIt; C4024; Esophageal squamous cell carcinoma|ORDO; Orphanet_99977; Squamous cell carcinoma of the esophagus,In situ; Esophagus; UBERON=UBERON_0001043.,NA
KYSE-180,KYSE180_OESOPHAGUS,Oesophagus,23,129n,NA,CVCL_1349,Mutation; HGNC; HGNC:11998; TP53; Simple; p.Ile195Thr (c.584T>C); ClinVar=VCV000216077; Zygosity=Homozygous (Cosmic-CLP=907318; DepMap=ACH-000693).,TP53,NCIt; C4024; Esophageal squamous cell carcinoma|ORDO; Orphanet_99977; Squamous cell carcinoma of the esophagus,In situ; Esophagus; UBERON=UBERON_0001043.,NA
KYSE-30,KYSE30_OESOPHAGUS,Oesophagus,34,129n,NA,CVCL_1351,Mutation; HGNC; HGNC:1787; CDKN2A; Simple; p.Glu120Ter (c.358G>T); Zygosity=Unspecified (PubMed=9033652; DepMap=ACH-000777).|Mutation; HGNC; HGNC:5173; HRAS; Simple; p.Gln61Leu (c.182A>T); ClinVar=VCV000376033; Zygosity=Unspecified (DepMap=ACH-000777).|Mutation; HGNC; HGNC:16051; PARD3; Unexplicit; Ex3-22del; Zygosity=Homozygous (PubMed=20215515).|Mutation; HGNC; HGNC:11998; TP53; Simple; c.673-2A>G (IVS6-2A>G); ClinVar=VCV000458555; Zygosity=Unspecified; Note=Splice acceptor mutation (PubMed=8575860).,CDKN2A; HRAS; PARD3; TP53,NCIt; C4024; Esophageal squamous cell carcinoma|ORDO; Orphanet_99977; Squamous cell carcinoma of the esophagus,In situ; Esophagus; UBERON=UBERON_0001043.,NA
KYSE-410,KYSE410_OESOPHAGUS,Oesophagus,38,129n,NA,CVCL_1352,Mutation; HGNC; HGNC:6407; KRAS; Simple; p.Gly12Cys (c.34G>T); ClinVar=VCV000012578; Zygosity=Heterozygous (Cosmic-CLP=753574; DepMap=ACH-000809).|Mutation; HGNC; HGNC:11998; TP53; Simple; p.Arg337Cys (c.1009C>T); ClinVar=VCV000142536; Zygosity=Homozygous (Cosmic-CLP=753574; DepMap=ACH-000809).,KRAS; TP53,NCIt; C4024; Esophageal squamous cell carcinoma|ORDO; Orphanet_99977; Squamous cell carcinoma of the esophagus,In situ; Esophagus; UBERON=UBERON_0001043.,NA
KYSE-450,KYSE450_OESOPHAGUS,Oesophagus,9,129c,NA,CVCL_1353,Mutation; HGNC; HGNC:11998; TP53; Simple; p.His179Arg (c.536A>G); ClinVar=VCV000376606; Zygosity=Heterozygous (PubMed=8575860; Cosmic-CLP=907320; DepMap=ACH-000865).|Mutation; HGNC; HGNC:11998; TP53; Simple; p.Glu339Ter (c.1015G>T); ClinVar=VCV000438708; Zygosity=Heterozygous (PubMed=8575860; Cosmic-CLP=907320; DepMap=ACH-000865).,TP53,NCIt; C4024; Esophageal squamous cell carcinoma|ORDO; Orphanet_99977; Squamous cell carcinoma of the esophagus,In situ; Esophagus; UBERON=UBERON_0001043.,NA
KYSE-510,KYSE510_OESOPHAGUS,Oesophagus,22,127c,NA,CVCL_1354,Mutation; HGNC; HGNC:8975; PIK3CA; Simple; p.Glu545Lys (c.1633G>A); ClinVar=VCV000013655; Zygosity=Heterozygous (DepMap=ACH-000824).|Mutation; HGNC; HGNC:11998; TP53; Simple; c.721_752del32; Zygosity=Unspecified (PubMed=8575860).|Mutation; HGNC; HGNC:11998; TP53; Simple; p.Glu343Ter (c.1027G>T); Zygosity=Heterozygous (DepMap=ACH-000824).,PIK3CA; TP53,NCIt; C4024; Esophageal squamous cell carcinoma|ORDO; Orphanet_99977; Squamous cell carcinoma of the esophagus,In situ; Esophagus; UBERON=UBERON_0001043.,NA
KYSE-70,KYSE70_OESOPHAGUS,Oesophagus,18,127c,NA,CVCL_1356,Mutation; HGNC; HGNC:11110; ARID1A; Simple; p.Arg1989Ter (c.5965C>T); ClinVar=VCV000225842; Zygosity=Homozygous (Cosmic-CLP=753576; DepMap=ACH-000784).|Mutation; HGNC; HGNC:11998; TP53; Simple; p.Lys120Asn (c.360G>T); Zygosity=Heterozygous (Cosmic-CLP=753576; DepMap=ACH-000784).|Mutation; HGNC; HGNC:11998; TP53; Simple; p.Ile251Thrfs*13 (c.751_752insA); Zygosity=Heterozygous (Cosmic-CLP=753576; DepMap=ACH-000784).,ARID1A; TP53,NCIt; C4024; Esophageal squamous cell carcinoma|ORDO; Orphanet_99977; Squamous cell carcinoma of the esophagus,In situ; Esophagus; UBERON=UBERON_0001043.,NA
L-428,L428_HAEMATOPOIETIC_AND_LYMPHOID_TISSUE,Haematopoietic and Lymphoid Tissue,41,128c,NA,CVCL_1361,Gene deletion; HGNC; HGNC:11896; TNFAIP3; Zygosity=Heterozygous (PubMed=19380639).|Mutation; HGNC; HGNC:11998; TP53; Simple; p.Gly112_Val122del11 (c.334_366del33); Zygosity=Heterozygous (PubMed=17065008; Cosmic-CLP=907322).,TNFAIP3; TP53,NCIt; C9357; Hodgkin lymphoma|ORDO; Orphanet_98293; Hodgkin lymphoma,In situ; Pleural effusion; UBERON=UBERON_0000175.,NA
L3.3,L33_PANCREAS,Pancreas,17,126,NA,CVCL_8147,Mutation; HGNC; HGNC:6407; KRAS; Simple; p.Gly12Asp (c.35G>A); ClinVar=VCV000012582; Zygosity=Unspecified (DepMap=ACH-000685).,KRAS,NCIt; C5721; Pancreatic adenosquamous carcinoma|ORDO; Orphanet_424039; Squamous cell carcinoma of pancreas,Metastatic; Celiac axis lymph node; UBERON=UBERON_0002508.,NA
LCLC-103H,LCLC103H_LUNG,Lung,19,127n,NA,CVCL_1375,Mutation; HGNC; HGNC:11730; TERT; Simple; c.1-124C>T (c.228C>T) (C228T); Zygosity=Unspecified; Note=In promoter (PubMed=31068700).|Mutation; HGNC; HGNC:11998; TP53; Simple; p.Val216Leu (c.646G>T); ClinVar=VCV000376670; Zygosity=Homozygous (Cosmic-CLP=753586; DepMap=ACH-000627).,TERT; TP53,NCIt; C4450; Lung large cell carcinoma,Metastatic; Pleural effusion; UBERON=UBERON_0000175.,NA
LK-2,LK2_LUNG,Lung,11,128c,NA,CVCL_1377,"Mutation; HGNC; HGNC:583; APC; Simple; p.Trp685Ter (c.2055G>A); Zygosity=Homozygous (Cosmic-CLP=687787; DepMap=ACH-000769).|Mutation; HGNC; HGNC:1787; CDKN2A; Simple; p.Asp84Tyr (c.250G>T) (p.Arg98Leu, c.293G>T); ClinVar=VCV000376306; Zygosity=Homozygous (Cosmic-CLP=687787; DepMap=ACH-000769).|Mutation; HGNC; HGNC:11998; TP53; Simple; p.Val272Met (c.814G>A); ClinVar=VCV000185814; Zygosity=Homozygous (PubMed=20557307; Cosmic-CLP=687787; DepMap=ACH-000769).",APC; CDKN2A; TP53,NCIt; C3493; Lung squamous cell carcinoma,In situ; Lung; UBERON=UBERON_0002048.,NA
LMSU,LMSU_STOMACH,Stomach,41,129n,NA,CVCL_4849,Mutation; HGNC; HGNC:11998; TP53; Simple; p.Arg175His (c.524G>A); ClinVar=VCV000012374; Zygosity=Homozygous (DepMap=ACH-000255).,TP53,NCIt; C4911; Gastric carcinoma,Metastatic; Lymph node; UBERON=UBERON_0000029.,NA
LN-18,LN18_CENTRAL_NERVOUS_SYSTEM,Central Nervous System,30,129n,NA,CVCL_0392,Gene deletion; HGNC; HGNC:1787; CDKN2A; Zygosity=Homozygous (PubMed=9842975).|Mutation; HGNC; HGNC:8976; PIK3CB; Simple; p.Glu1051Lys (c.3151G>A); Zygosity=Homozygous (Cosmic-CLP=1240168; DepMap=ACH-000819).|Mutation; HGNC; HGNC:11998; TP53; Simple; p.Cys238Ser (c.713G>C); ClinVar=VCV000376575; Zygosity=Homozygous (PubMed=7732013; PubMed=10416987; PubMed=14614447; Cosmic-CLP=1240168; DepMap=ACH-000819).,CDKN2A; PIK3CB; TP53,NCIt; C3058; Glioblastoma|ORDO; Orphanet_360; Glioblastoma,"In situ; Brain, right temporal lobe; UBERON=UBERON_0002809.",NA
LN-229,LN229_CENTRAL_NERVOUS_SYSTEM,Central Nervous System,27,129n,NA,CVCL_0393,Gene deletion; HGNC; HGNC:1787; CDKN2A; Zygosity=Homozygous (PubMed=9842975).|Mutation; HGNC; HGNC:6597; LIFR; Simple; p.Pro1060Ala (c.3178C>G); Zygosity=Heterozygous (Cosmic-CLP=1240169).|Mutation; HGNC; HGNC:9811; RAD21; Simple; p.Gln132Ter (c.394C>T); Zygosity=Heterozygous (Cosmic-CLP=1240169).|Mutation; HGNC; HGNC:11730; TERT; Simple; c.1-124C>T (c.228C>T) (C228T); Zygosity=Unspecified; Note=In promoter (PubMed=31068700).|Mutation; HGNC; HGNC:11998; TP53; Simple; p.Pro98Leu (c.293C>T); ClinVar=VCV000528236; Zygosity=Homozygous (PubMed=10416987; Cosmic-CLP=1240169).,CDKN2A; LIFR; RAD21; TERT; TP53,NCIt; C3058; Glioblastoma|ORDO; Orphanet_360; Glioblastoma,"In situ; Brain, right frontal parieto-occipital cortex.",NA
LNCaP clone FGC,LNCAPCLONEFGC_PROSTATE,Prostate,30,129c,NA,CVCL_1379,"Mutation; HGNC; HGNC:644; AR; Simple; p.Thr878Ala (c.2632A>G); ClinVar=VCV000009831; Zygosity=Hemizygous (Cosmic-CLP=907788; DepMap=ACH-000977).|Mutation; HGNC; HGNC:7010; MEN1; Simple; p.Tyr318Ter (c.954T>G) (p.Tyr313Ter, c.939T>A); ClinVar=VCV000439894; Zygosity=Heterozygous (Cosmic-CLP=907788; DepMap=ACH-000977).|Mutation; HGNC; HGNC:8979; PIK3R1; Simple; p.Arg639Ter (c.1915C>T); Zygosity=Heterozygous (Cosmic-CLP=907788; DepMap=ACH-000977).|Mutation; HGNC; HGNC:9588; PTEN; Simple; p.Lys6Argfs*4 (c.17_18delAA); ClinVar=VCV000231649; Zygosity=Unspecified (DepMap=ACH-000977).",AR; MEN1; PIK3R1; PTEN,NCIt; C4863; Prostate carcinoma,Metastatic; Left supraclavicular lymph node; UBERON=UBERON_8480056.,NA
LOX IMVI,LOXIMVI_SKIN,Skin,19,127c,NA,CVCL_1381,Mutation; HGNC; HGNC:1097; BRAF; Simple; p.Val600Glu (c.1799T>A); ClinVar=VCV000013961; Zygosity=Heterozygous (PubMed=12068308; PubMed=17088437; Cosmic-CLP=905974; DepMap=ACH-000750).|Mutation; HGNC; HGNC:11730; TERT; Simple; c.1-124C>T (c.228C>T) (C228T); Zygosity=Unspecified; Note=In promoter (PubMed=31068700).|Mutation; HGNC; HGNC:11998; TP53; None_reported; -; Zygosity=- (Cosmic-CLP=905974; DepMap=ACH-000750).,BRAF; TERT; TP53,NCIt; C3802; Amelanotic melanoma,Metastatic; Axillary lymph node; UBERON=UBERON_0001097.,NA
LS 180,LS180_LARGE_INTESTINE,Large Intestine,27,129c,NA,CVCL_0397,Mutation; HGNC; HGNC:173; ACVR2A; Simple; p.Lys437Argfs*5 (c.1310delA); dbSNP=rs764719749; Zygosity=Homozygous (PubMed=12615714).|Mutation; HGNC; HGNC:2514; CTNNB1; Simple; p.Ser45Phe (c.134C>T); ClinVar=VCV000017588; Zygosity=Homozygous (PubMed=24755471; Cosmic-CLP=998189; DepMap=ACH-000957).|Mutation; HGNC; HGNC:6407; KRAS; Simple; p.Gly12Asp (c.35G>A); ClinVar=VCV000012582; Zygosity=Heterozygous (PubMed=20570890; PubMed=24755471; ATCC=CL-187).|Mutation; HGNC; HGNC:8975; PIK3CA; Simple; p.His1047Arg (c.3140A>G); ClinVar=VCV000013652; Zygosity=Unspecified (PubMed=20570890; PubMed=24755471).|Mutation; HGNC; HGNC:11773; TGFBR2; Simple; p.Lys128Serfs*35 (c.383delA); ClinVar=VCV000477546; Zygosity=Homozygous (PubMed=12615714).|Mutation; HGNC; HGNC:11998; TP53; None_reported; -; Zygosity=- (PubMed=16418264).,ACVR2A; CTNNB1; KRAS; PIK3CA; TGFBR2; TP53,NCIt; C4349; Colon adenocarcinoma,In situ; Colon; UBERON=UBERON_0001155.,Epithelial cell of colon; CL=CL_0011108.
LS411N,LS411N_LARGE_INTESTINE,Large Intestine,9,128c,NA,CVCL_1385,Mutation; HGNC; HGNC:583; APC; Simple; p.Gln789Ter (c.2365C>T); ClinVar=VCV000092341; Zygosity=Heterozygous (PubMed=24755471; ATCC=CRL-2159; Cosmic-CLP=907794; DepMap=ACH-000985).|Mutation; HGNC; HGNC:583; APC; Simple; p.Thr1556Asnfs*3 (c.4666dupA) (c.4666_4667insA); ClinVar=VCV000428112; Zygosity=Heterozygous (PubMed=24755471; ATCC=CRL-2159; Cosmic-CLP=907794; DepMap=ACH-000985).|Mutation; HGNC; HGNC:1097; BRAF; Simple; p.Val600Glu (c.1799T>A); ClinVar=VCV000013961; Zygosity=Homozygous (PubMed=12068308; PubMed=20570890; PubMed=24755471; ATCC=CRL-2159; Cosmic-CLP=907794; DepMap=ACH-000985).|Mutation; HGNC; HGNC:9588; PTEN; Simple; p.Cys105Valfs*8 (c.313delT); ClinVar=VCV000940879; Zygosity=Heterozygous (PubMed=24755471; Cosmic-CLP=907794; DepMap=ACH-000985).|Mutation; HGNC; HGNC:9588; PTEN; Simple; p.Lys164Argfs*3 (c.491delA); ClinVar=VCV000189448; Zygosity=Heterozygous (PubMed=24755471; Cosmic-CLP=907794; DepMap=ACH-000985).|Mutation; HGNC; HGNC:11998; TP53; Simple; p.Tyr126Ter (c.378C>G); ClinVar=VCV000578988; Zygosity=Homozygous (PubMed=16418264; PubMed=24755471; Cosmic-CLP=907794; DepMap=ACH-000985).,APC; BRAF; PTEN; TP53,NCIt; C5543; Cecum adenocarcinoma,In situ; Cecum; UBERON=UBERON_0001153.,NA
LS513,LS513_LARGE_INTESTINE,Large Intestine,9,130c,NA,CVCL_1386,Mutation; HGNC; HGNC:2514; CTNNB1; Simple; p.Ala5_Ala80del (c.14_241del228); Zygosity=Homozygous (ATCC=CRL-2134).|Mutation; HGNC; HGNC:6407; KRAS; Simple; p.Gly12Asp (c.35G>A); ClinVar=VCV000012582; Zygosity=Heterozygous (PubMed=12068308; PubMed=20570890; PubMed=24755471).|Mutation; HGNC; HGNC:11998; TP53; None_reported; -; Zygosity=- (PubMed=16418264).,CTNNB1; KRAS; TP53,NCIt; C5543; Cecum adenocarcinoma,"In situ; Intestine, ileocecal valve; UBERON=UBERON_0000569.",NA
LU65,LU65_LUNG,Lung,22,128n,NA,CVCL_1392,Mutation; HGNC; HGNC:3236; EGFR; Simple; p.Leu858Arg (c.2573T>G); ClinVar=VCV000016609; Zygosity=Heterozygous; Note=In 10% of cells (PubMed=16105816).|Mutation; HGNC; HGNC:6407; KRAS; Simple; p.Gly12Cys (c.34G>T); ClinVar=VCV000012578; Zygosity=Heterozygous (PubMed=8263009; PubMed=12068308; Cosmic-CLP=724863; DepMap=ACH-000438).|Mutation; HGNC; HGNC:9884; RB1; Simple; p.Ser82Ter (c.245C>A); ClinVar=VCV000837710; Zygosity=Homozygous (Cosmic-CLP=724863; DepMap=ACH-000438).|Mutation; HGNC; HGNC:11998; TP53; Simple; p.Glu11Gln (c.31G>C); ClinVar=VCV000041723; Zygosity=Homozygous (PubMed=10536175; PubMed=20557307; Cosmic-CLP=724863; DepMap=ACH-000438).,EGFR; KRAS; RB1; TP53,NCIt; C4452; Lung giant cell carcinoma,In situ; Lung; UBERON=UBERON_0002048.,NA
LUDLU-1,LUDLU1_LUNG,Lung,9,127n,NA,CVCL_2582,Mutation; HGNC; HGNC:11998; TP53; Simple; p.Arg248Trp (c.742C>T); ClinVar=VCV000012347; Zygosity=Homozygous (DepMap=ACH-000390).,TP53,NCIt; C3493; Lung squamous cell carcinoma,NA,NA
LXF-289,LXF289_LUNG,Lung,31,128n,NA,CVCL_1394,Mutation; HGNC; HGNC:11998; TP53; Simple; p.Arg248Trp (c.742C>T); ClinVar=VCV000012347; Zygosity=Homozygous (Cosmic-CLP=753592).,TP53,NCIt; C3512; Lung adenocarcinoma,In situ; Lung; UBERON=UBERON_0002048.,NA
MCF7,MCF7_BREAST,Breast,8,126,NA,CVCL_0031,Gene deletion; HGNC; HGNC:1787; CDKN2A; Zygosity=Homozygous (PubMed=19593635).|Mutation; HGNC; HGNC:4172; GATA3; Simple; p.Asp336Glyfs*17 (c.1006dupG); Zygosity=Heterozygous (PubMed=15361840; Cosmic-CLP=905946; DepMap=ACH-000019).|Mutation; HGNC; HGNC:8975; PIK3CA; Simple; p.Glu545Lys (c.1633G>A); ClinVar=VCV000013655; Zygosity=Heterozygous (PubMed=17088437; PubMed=19593635; PubMed=28889351).|Mutation; HGNC; HGNC:11998; TP53; None_reported; -; Zygosity=- (PubMed=15900046).,CDKN2A; GATA3; PIK3CA; TP53,NCIt; C4194; Invasive breast carcinoma of no special type,Metastatic; Pleural effusion; UBERON=UBERON_0000175.,NA
MDA-MB-157,MDAMB157_BREAST,Breast,7,129c,NA,CVCL_0618,Mutation; HGNC; HGNC:7329; MSH6; Simple; p.Pro42Ser (c.124C>T); ClinVar=VCV000089180; Zygosity=Heterozygous (PubMed=19593635; DepMap=ACH-000621).|Mutation; HGNC; HGNC:7329; MSH6; Simple; p.Arg644Ser (c.1932G>C); ClinVar=VCV000089233; Zygosity=Heterozygous (PubMed=19593635; DepMap=ACH-000621).|Mutation; HGNC; HGNC:11998; TP53; Simple; p.Pro87fs*53 (c.261_286del26) (p.Ala88Cysfs*52); Zygosity=Homozygous (PubMed=16541312; ATCC=HTB-24; DepMap=ACH-000621).,MSH6; TP53,NCIt; C4872; Breast carcinoma,Metastatic; Pleural effusion; UBERON=UBERON_0000175.,NA
MDA-MB-231,MDAMB231_BREAST,Breast,27,127n,NA,CVCL_0062,Gene deletion; HGNC; HGNC:1787; CDKN2A; Zygosity=Homozygous (PubMed=17334996; PubMed=19593635; ATCC=HTB-26).|Gene deletion; HGNC; HGNC:1788; CDKN2B; Zygosity=Homozygous (PubMed=17334996).|Mutation; HGNC; HGNC:1097; BRAF; Simple; p.Gly464Val (c.1391G>T); ClinVar=VCV000040364; Zygosity=Heterozygous (PubMed=17088437; PubMed=19593635; ATCC=HTB-26).|Mutation; HGNC; HGNC:6407; KRAS; Simple; p.Gly13Asp (c.38G>A); ClinVar=VCV000012580; Zygosity=Heterozygous (PubMed=12068308; PubMed=17088437; PubMed=19593635; ATCC=HTB-26).|Mutation; HGNC; HGNC:11730; TERT; Simple; c.1-124C>T (c.228C>T) (C228T); Zygosity=Unspecified; Note=In promoter (PubMed=31068700).|Mutation; HGNC; HGNC:11998; TP53; Simple; p.Arg280Lys (c.839G>A); ClinVar=VCV000376657; Zygosity=Homozygous (PubMed=1961733; PubMed=9331090; PubMed=15900046; PubMed=16541312; PubMed=17088437; PubMed=18277095; PubMed=28889351; ATCC=HTB-26).,CDKN2A; CDKN2B; BRAF; KRAS; TERT; TP53,NCIt; C5214; Breast adenocarcinoma,Metastatic; Pleural effusion; UBERON=UBERON_0000175.,NA
MDA-MB-436,MDAMB436_BREAST,Breast,12,129c,NA,CVCL_0623,Gene deletion; HGNC; HGNC:3701; FHIT; Zygosity=Homozygous (PubMed=9288768).|Mutation; HGNC; HGNC:1100; BRCA1; Simple; c.5277+1G>A; ClinVar=VCV000037654; Zygosity=Hemizygous; Note=Splice donor mutation (PubMed=16397213; PubMed=19593635).|Mutation; HGNC; HGNC:9884; RB1; Simple; p.Gly203fs*9 (c.607_608ins227); Zygosity=Homozygous (PubMed=19593635).|Mutation; HGNC; HGNC:11998; TP53; Simple; p.Glu204fs*7 (c.610_612delinsGCGTGTGG); Zygosity=Unspecified (PubMed=16541312; PubMed=28889351).,FHIT; BRCA1; RB1; TP53,NCIt; C4194; Invasive breast carcinoma of no special type,Metastatic; Pleural effusion; UBERON=UBERON_0000175.,NA
MDA-MB-453,MDAMB453_BREAST,Breast,19,128n,NA,CVCL_0418,Mutation; HGNC; HGNC:644; AR; Simple; p.Gln868His (c.2604G>T); Zygosity=Unspecified (PubMed=22719059).|Mutation; HGNC; HGNC:1748; CDH1; Simple; p.Trp638Ter (c.1913G>A); ClinVar=VCV000599651; Zygosity=Homozygous (PubMed=19593635; Cosmic-CLP=908122; DepMap=ACH-000910).|Mutation; HGNC; HGNC:6407; KRAS; Simple; p.Gly13Asp (c.38G>A); ClinVar=VCV000012580; Zygosity=Unspecified (PubMed=22121396).|Mutation; HGNC; HGNC:8975; PIK3CA; Simple; p.His1047Arg (c.3140A>G); ClinVar=VCV000013652; Zygosity=Heterozygous (PubMed=19593635; PubMed=28889351; ATCC=HTB-131; Cosmic-CLP=908122; DepMap=ACH-000910).|Mutation; HGNC; HGNC:9588; PTEN; Simple; p.Glu307Lys (c.919G>A); Zygosity=Heterozygous (PubMed=19593635; Cosmic-CLP=908122; DepMap=ACH-000910).|Mutation; HGNC; HGNC:11998; TP53; Unexplicit; Ex10-11del; Zygosity=Homozygous (PubMed=1961733).,AR; CDH1; KRAS; PIK3CA; PTEN; TP53,NCIt; C5214; Breast adenocarcinoma,Metastatic; Pericardial effusion; UBERON=UBERON_0002409.,NA
MDA-MB-468,MDAMB468_BREAST,Breast,1,126,NA,CVCL_0419,Mutation; HGNC; HGNC:9588; PTEN; Simple; c.253+1G>T; ClinVar=VCV000189475; Zygosity=Homozygous; Note=Splice donor mutation (PubMed=19593635).|Mutation; HGNC; HGNC:9884; RB1; Simple; c.265_2787del2523; Zygosity=Homozygous (PubMed=19593635).|Mutation; HGNC; HGNC:11998; TP53; Simple; p.Arg273His (c.818G>A); ClinVar=VCV000012366; Zygosity=Homozygous (PubMed=1961733; PubMed=16541312; PubMed=28889351; ATCC=HTB-132).,PTEN; RB1; TP53,NCIt; C5214; Breast adenocarcinoma,Metastatic; Pleural effusion; UBERON=UBERON_0000175.,NA
MDST8,MDST8_LARGE_INTESTINE,Large Intestine,3,130n,NA,CVCL_2588,"Mutation; HGNC; HGNC:583; APC; Simple; p.Thr1556fs*3 (c.4660_4661insA) (E1554fs); Zygosity=Heterozygous (Cosmic-CLP=1240173; DepMap=ACH-000935).|Mutation; HGNC; HGNC:1097; BRAF; Simple; p.Val600Glu (c.1799T>A); ClinVar=VCV000013961; Zygosity=Heterozygous (Cosmic-CLP=1240173; DepMap=ACH-000935).|Mutation; HGNC; HGNC:1787; CDKN2A; Simple; p.Arg80Ter (c.238C>T) (p.Pro94Leu, c.281C>T); ClinVar=VCV000009409; Zygosity=Homozygous (Cosmic-CLP=1240173; DepMap=ACH-000935).|Mutation; HGNC; HGNC:9588; PTEN; Simple; p.Asp310Gly (c.929A>G); ClinVar=VCV000566673; Zygosity=Homozygous (Cosmic-CLP=1240173; DepMap=ACH-000935).|Mutation; HGNC; HGNC:11730; TERT; Simple; c.1-146C>T (c.250C>T) (C250T); Zygosity=Unspecified; Note=In promoter (PubMed=31068700).|Mutation; HGNC; HGNC:11998; TP53; None_reported; -; Zygosity=- (DepMap=ACH-000935).",APC; BRAF; CDKN2A; PTEN; TERT; TP53,NCIt; C4910; Colon carcinoma,In situ; Colon; UBERON=UBERON_0001155.,NA
MEL-JUSO,MELJUSO_SKIN,Skin,9,127c,NA,CVCL_1403,Gene deletion; HGNC; HGNC:1787; CDKN2A; Zygosity=Homozygous (PubMed=9598804).|Gene deletion; HGNC; HGNC:1788; CDKN2B; Zygosity=Homozygous (PubMed=9598804).|Mutation; HGNC; HGNC:5173; HRAS; Simple; p.Gly13Asp (c.38G>A); ClinVar=VCV000012604; Zygosity=Homozygous (Cosmic-CLP=908125; DepMap=ACH-000881).|Mutation; HGNC; HGNC:7989; NRAS; Simple; p.Gln61Leu (c.182A>T); ClinVar=VCV000375874; Zygosity=Heterozygous (PubMed=10766161; PubMed=15009714; Cosmic-CLP=908125; DepMap=ACH-000881).,CDKN2A; CDKN2B; HRAS; NRAS,NCIt; C3510; Cutaneous melanoma,In situ; Skin; UBERON=UBERON_0002097.,NA
MeWo,MEWO_SKIN,Skin,5,128n,NA,CVCL_0445,"Gene deletion; HGNC; HGNC:1788; CDKN2B; Zygosity=Heterozygous (PubMed=9598804).|Mutation; HGNC; HGNC:1787; CDKN2A; Simple; p.Arg80Ter (c.237_238CC>TT) (c.237_238delinsTT) (p.Pro94Leu, c.280_281CC>TT); Zygosity=Homozygous (PubMed=9598804; PubMed=17260012; PubMed=23851445; ATCC=HTB-65; DepMap=ACH-000987).|Mutation; HGNC; HGNC:3688; FGFR1; Simple; p.Pro252Ser (c.754C>T); Zygosity=Unspecified (PubMed=23851445).|Mutation; HGNC; HGNC:6877; MAPK3; Simple; p.Pro246Ser (c.736C>T); Zygosity=Heterozygous (ATCC=HTB-65).|Mutation; HGNC; HGNC:11998; TP53; Simple; p.Gln317Ter (c.949C>T); ClinVar=VCV000450344; Zygosity=Unspecified (PubMed=17260012; PubMed=23851445).",CDKN2B; CDKN2A; FGFR1; MAPK3; TP53,NCIt; C3510; Cutaneous melanoma,Metastatic; Lymph node; UBERON=UBERON_0000029.,NA
MFE-280,MFE280_ENDOMETRIUM,Endometrium,32,130c,NA,CVCL_1405,Mutation; HGNC; HGNC:8975; PIK3CA; Simple; p.His1047Tyr (c.3139C>T); ClinVar=VCV000039705; Zygosity=Heterozygous (Cosmic-CLP=908129; DepMap=ACH-000192).|Mutation; HGNC; HGNC:11998; TP53; Simple; c.919+1G>C (IVS8+1G>C); ClinVar=VCV000428905; Zygosity=Homozygous; Note=Splice donor mutation (Cosmic-CLP=908129; DepMap=ACH-000192).,PIK3CA; TP53,NCIt; C7359; Endometrial adenocarcinoma,In situ; Endometrium; UBERON=UBERON_0001295.,NA
MFE-296,MFE296_ENDOMETRIUM,Endometrium,36,128n,NA,CVCL_1406,Mutation; HGNC; HGNC:3431; ERBB3; Simple; p.Cys186fs*20 (c.550delC); Zygosity=Heterozygous (Cosmic-CLP=908130; DepMap=ACH-000879).|Mutation; HGNC; HGNC:6190; JAK1; Simple; p.Lys860Asnfs*16 (c.2580delA); Zygosity=Heterozygous (Cosmic-CLP=908130; DepMap=ACH-000879).|Mutation; HGNC; HGNC:9588; PTEN; Simple; p.Arg130Gln (c.389G>A); ClinVar=VCV000007829; Zygosity=Homozygous (Cosmic-CLP=908130; DepMap=ACH-000879).|Mutation; HGNC; HGNC:9588; PTEN; Simple; p.Thr321fs*23 (c.963delA); Zygosity=Heterozygous (Cosmic-CLP=908130; DepMap=ACH-000879).|Mutation; HGNC; HGNC:11998; TP53; Simple; p.Tyr220Cys (c.659A>G); ClinVar=VCV000127819; Zygosity=Heterozygous (Cosmic-CLP=908130; DepMap=ACH-000879).|Mutation; HGNC; HGNC:11998; TP53; Simple; p.Arg306Ter (c.916C>T); ClinVar=VCV000142144; Zygosity=Heterozygous (Cosmic-CLP=908130; DepMap=ACH-000879).,ERBB3; JAK1; PTEN; TP53,NCIt; C7359; Endometrial adenocarcinoma,In situ; Endometrium; UBERON=UBERON_0001295.,NA
MFE-319,MFE319_ENDOMETRIUM,Endometrium,41,126,NA,CVCL_2112,Mutation; HGNC; HGNC:3431; ERBB3; Simple; p.Trp902Ter (c.2706G>A); Zygosity=Heterozygous (Cosmic-CLP=1240174; DepMap=ACH-000988).|Mutation; HGNC; HGNC:11998; TP53; Simple; p.Tyr220Cys (c.659A>G); ClinVar=VCV000127819; Zygosity=Heterozygous (Cosmic-CLP=1240174; DepMap=ACH-000988).|Mutation; HGNC; HGNC:11998; TP53; Simple; p.Arg273Cys (c.817C>T); ClinVar=VCV000043594; Zygosity=Heterozygous (Cosmic-CLP=1240174; DepMap=ACH-000988).,ERBB3; TP53,NCIt; C114656; Endometrial adenosquamous carcinoma,In situ; Endometrium; UBERON=UBERON_0001295.,NA
MIA PaCa-2,MIAPACA2_PANCREAS,Pancreas,10,127c,NA,CVCL_0428,Gene deletion; HGNC; HGNC:1787; CDKN2A; Zygosity=Homozygous (PubMed=11787853).|Mutation; HGNC; HGNC:6407; KRAS; Simple; p.Gly12Cys (c.34G>T); ClinVar=VCV000012578; Zygosity=Homozygous (PubMed=7961102; PubMed=8026879; PubMed=11115575; PubMed=11169959; PubMed=11787853; PubMed=12068308; PubMed=21607521; Cosmic-CLP=724870; DepMap=ACH-000601).|Mutation; HGNC; HGNC:11998; TP53; Simple; p.Arg248Trp (c.742C>T); ClinVar=VCV000012347; Zygosity=Homozygous (PubMed=1630814; PubMed=1764370; PubMed=7961102; PubMed=8026879; PubMed=8194712; PubMed=11115575; PubMed=11169959; PubMed=11787853; PubMed=21607521; Cosmic-CLP=724870; DepMap=ACH-000601).,CDKN2A; KRAS; TP53,NCIt; C5722; Pancreatic undifferentiated carcinoma,In situ; Pancreas; UBERON=UBERON_0001264.,NA
MKN1,MKN1_STOMACH,Stomach,14,130n,NA,CVCL_1415,Mutation; HGNC; HGNC:11998; TP53; Simple; p.Val143Ala (c.428T>C); ClinVar=VCV000804214; Zygosity=Unspecified (PubMed=1370612; PubMed=11107048; PubMed=15900046).,TP53,NCIt; C5474; Gastric adenosquamous carcinoma,Metastatic; Lymph node; UBERON=UBERON_0000029.,NA
MKN45,MKN45_STOMACH,Stomach,17,127n,NA,CVCL_0434,Mutation; HGNC; HGNC:11998; TP53; Simple; p.Arg110Cys (c.328C>T); ClinVar=VCV000142206; Zygosity=Heterozygous (Cosmic-CLP=925340; DepMap=ACH-000356).,TP53,NCIt; C4004; Gastric adenocarcinoma,Metastatic; Liver; UBERON=UBERON_0002107.,NA
MKN7,MKN7_STOMACH,Stomach,17,127c,NA,CVCL_1417,Mutation; HGNC; HGNC:11998; TP53; Simple; p.Pro278Ser (c.832C>T); ClinVar=VCV000376642; Zygosity=Homozygous (PubMed=11107048; Cosmic-CLP=924250; DepMap=ACH-000678).,TP53,NCIt; C5473; Gastric tubular adenocarcinoma,Metastatic; Lymph node; UBERON=UBERON_0000029.,NA
MOLM-13,MOLM13_HAEMATOPOIETIC_AND_LYMPHOID_TISSUE,Haematopoietic and Lymphoid Tissue,27,130n,NA,CVCL_2119,"Gene fusion; HGNC; HGNC:7132; KMT2A + HGNC; HGNC:7136; MLLT3; Name(s)=KMT2A-MLLT3, MLL-MLLT3, MLL-AF9 (PubMed=9305600; PubMed=14671638; PubMed=15381384).|Mutation; HGNC; HGNC:3765; FLT3; Unexplicit; Internal tandem duplication (FLT3-ITD); ClinVar=VCV000016270; Zygosity=Heterozygous (PubMed=10233379; PubMed=12529668; PubMed=27750403; DepMap; ACH-000362).",KMT2A; HGNC; FLT3,NCIt; C8263; Adult acute monocytic leukemia|NCIt; C3247; Myelodysplastic syndrome|ORDO; Orphanet_514; Acute monoblastic/monocytic leukemia,In situ; Peripheral blood; UBERON=UBERON_0000178.,NA
MOLM-16,MOLM16_HAEMATOPOIETIC_AND_LYMPHOID_TISSUE,Haematopoietic and Lymphoid Tissue,37,128n,NA,CVCL_2120,Mutation; HGNC; HGNC:11998; TP53; Simple; p.Val173Met (c.517G>A); ClinVar=VCV000233951; Zygosity=Heterozygous (Cosmic-CLP=1330948; DepMap=ACH-000369).|Mutation; HGNC; HGNC:11998; TP53; Simple; p.Cys238Ser (c.713G>C); ClinVar=VCV000376575; Zygosity=Heterozygous (Cosmic-CLP=1330948; DepMap=ACH-000369).,TP53,NCIt; C8303; Adult acute myeloid leukemia with minimal differentiation|ORDO; Orphanet_98832; Acute myeloid leukemia with minimal differentiation,In situ; Peripheral blood; UBERON=UBERON_0000178.,NA
MONO-MAC-1,MONOMAC1_HAEMATOPOIETIC_AND_LYMPHOID_TISSUE,Haematopoietic and Lymphoid Tissue,23,129c,NA,CVCL_1425,Mutation; HGNC; HGNC:11998; TP53; Simple; p.Arg273His (c.818G>A); ClinVar=VCV000012366; Zygosity=Unspecified (PubMed=16142349).,TP53,NCIt; C8263; Adult acute monocytic leukemia|ORDO; Orphanet_514; Acute monoblastic/monocytic leukemia,In situ; Peripheral blood; UBERON=UBERON_0000178.,NA
MONO-MAC-6,MONOMAC6_HAEMATOPOIETIC_AND_LYMPHOID_TISSUE,Haematopoietic and Lymphoid Tissue,24,129c,NA,CVCL_1426,"Gene fusion; HGNC; HGNC:13533; ATP8A2 + HGNC; HGNC:10471; RUNX1; Name(s)=RUNX1-ATP8A2 (PubMed=31160637).|Gene fusion; HGNC; HGNC:7132; KMT2A + HGNC; HGNC:7136; MLLT3; Name(s)=KMT2A-MLLT3, MLL-MLLT3, MLL-AF9 (PubMed=7833491; PubMed=14671638).|Mutation; HGNC; HGNC:11998; TP53; Simple; p.Arg273His (c.818G>A); ClinVar=VCV000012366; Zygosity=Unspecified (from autologous cell line Mono-Mac-1).",ATP8A2; HGNC; KMT2A; TP53,NCIt; C8263; Adult acute monocytic leukemia|ORDO; Orphanet_514; Acute monoblastic/monocytic leukemia,In situ; Peripheral blood; UBERON=UBERON_0000178.,Monocyte; CL=CL_0000576.
MSTO-211H,MSTO211H_PLEURA,Pleura,39,129n,NA,CVCL_1430,Gene deletion; HGNC; HGNC:1787; CDKN2A; Zygosity=Homozygous (PubMed=16630136).|Gene fusion; HGNC; HGNC:6514; LATS1 + HGNC; HGNC:9508; PSEN1; Name(s)=LATS1-PSEN1 (PubMed=25902174).|Mutation; HGNC; HGNC:6515; LATS2; Simple; p.Met785_Leu798del14 (c.2355_2396del42); Zygosity=Heterozygous (PubMed=21245096; Cosmic-CLP=908152; DepMap=ACH-000335).,CDKN2A; LATS1; HGNC; LATS2,NCIt; C45665; Pleural biphasic mesothelioma|ORDO; Orphanet_50251; Pleural mesothelioma,In situ; Pleural effusion; UBERON=UBERON_0000175.,NA
NALM-6,NALM6_HAEMATOPOIETIC_AND_LYMPHOID_TISSUE,Haematopoietic and Lymphoid Tissue,32,128n,NA,CVCL_0092,Gene fusion; HGNC; HGNC:50800; DUX4 + HGNC; HGNC:5477; IGH; Name(s)=IGH-DUX4; Note=The translocation occurs in the silenced IGH allele (PubMed=31243274).|Mutation; HGNC; HGNC:3236; EGFR; Simple; p.Arg1068Ter (c.3202C>T); Zygosity=Heterozygous (Cosmic-CLP=908158; DepMap=ACH-000938).|Mutation; HGNC; HGNC:7989; NRAS; Simple; p.Ala146Thr (c.436G>A); Zygosity=Heterozygous (PubMed=16969076; Cosmic-CLP=908158; DepMap=ACH-000938).|Mutation; HGNC; HGNC:9864; RARA; Simple; p.Gln45Ter (c.133C>T); ClinVar=VCV000393019; Zygosity=Heterozygous (Cosmic-CLP=908158; DepMap=ACH-000938).,DUX4; HGNC; EGFR; NRAS; RARA,NCIt; C9143; Adult B acute lymphoblastic leukemia|ORDO; Orphanet_99860; Precursor B-cell acute lymphoblastic leukemia,In situ; Peripheral blood; UBERON=UBERON_0000178.,NA
NCI-H1048,NCIH1048_LUNG,Lung,7,126,NA,CVCL_1453,Mutation; HGNC; HGNC:8975; PIK3CA; Simple; p.His1047Arg (c.3140A>G); ClinVar=VCV000013652; Zygosity=Heterozygous (Cosmic-CLP=687995; DepMap=ACH-000866).|Mutation; HGNC; HGNC:9884; RB1; Simple; p.Arg552Ter (c.1654C>T); ClinVar=VCV000126840; Zygosity=Homozygous (Cosmic-CLP=687995; DepMap=ACH-000866).|Mutation; HGNC; HGNC:11998; TP53; Simple; p.Arg273Cys (c.817C>T); ClinVar=VCV000043594; Zygosity=Heterozygous (PubMed=1312696; PubMed=1565469; ATCC=CRL-5853; Cosmic-CLP=687995; DepMap=ACH-000866).,PIK3CA; RB1; TP53,NCIt; C4917; Lung small cell carcinoma|ORDO; Orphanet_70573; Small cell lung cancer,Metastatic; Pleural effusion; UBERON=UBERON_0000175.,NA
NCI-H1155,NCIH1155_LUNG,Lung,26,128n,NA,CVCL_1456,Mutation; HGNC; HGNC:583; APC; Simple; p.Arg232Ter (c.694C>T); ClinVar=VCV000042248; Zygosity=Heterozygous (Cosmic-CLP=908467; DepMap=ACH-000980).|Mutation; HGNC; HGNC:6407; KRAS; Simple; p.Gln61His (c.183A>T); ClinVar=VCV000045117; Zygosity=Homozygous (PubMed=1311061; PubMed=12068308; Cosmic-CLP=908467; DepMap=ACH-000980).|Mutation; HGNC; HGNC:9588; PTEN; Simple; p.Arg233Ter (c.697C>T); ClinVar=VCV000007813; Zygosity=Homozygous (Cosmic-CLP=908467; DepMap=ACH-000980).|Mutation; HGNC; HGNC:11998; TP53; Simple; p.Arg273His (c.818G>A); ClinVar=VCV000012366; Zygosity=Homozygous (PubMed=1311061; PubMed=1565469; PubMed=10536175; PubMed=20557307; Cosmic-CLP=908467; DepMap=ACH-000980).,APC; KRAS; PTEN; TP53,NCIt; C4450; Lung large cell carcinoma,Metastatic; Lymph node; UBERON=UBERON_0000029.,NA
NCI-H1299,NCIH1299_LUNG,Lung,6,129n,NA,CVCL_0060,Gene deletion; HGNC; HGNC:11998; TP53; Zygosity=Homozygous (PubMed=1311061; PubMed=1565469; PubMed=20557307; ATCC=CRL-5803).|Mutation; HGNC; HGNC:7989; NRAS; Simple; p.Gln61Lys (c.181C>A); ClinVar=VCV000073058; Zygosity=Heterozygous (PubMed=1311061; PubMed=12068308; ATCC=CRL-5803; Cosmic-CLP=724831; DepMap=ACH-000510).,TP53; NRAS,NCIt; C4450; Lung large cell carcinoma,Metastatic; Lymph node; UBERON=UBERON_0000029.,NA
NCI-H1355,NCIH1355_LUNG,Lung,18,128n,NA,CVCL_1464,Mutation; HGNC; HGNC:1101; BRCA2; Simple; p.Gly2044Asp (c.6131G>A); ClinVar=VCV000495479; Zygosity=Homozygous (Cosmic-CLP=724866; DepMap=ACH-000666).|Mutation; HGNC; HGNC:6407; KRAS; Simple; p.Gly13Cys (c.37G>T); ClinVar=VCV000045123; Zygosity=Heterozygous (PubMed=1311061; PubMed=12068308; Cosmic-CLP=724866; DepMap=ACH-000666).|Mutation; HGNC; HGNC:11998; TP53; Simple; p.Glu285Lys (c.853G>A); ClinVar=VCV000420133; Zygosity=Homozygous (PubMed=1311061; PubMed=1565469; Cosmic-CLP=724866; DepMap=ACH-000666).,BRCA2; KRAS; TP53,NCIt; C3512; Lung adenocarcinoma,Metastatic; Pleural effusion; UBERON=UBERON_0000175.,NA
NCI-H1435,NCIH1435_LUNG,Lung,15,127c,NA,CVCL_1470,Mutation; HGNC; HGNC:583; APC; Simple; p.Arg1158fs*7 (c.3471_3476GAGACC>AAAAA); Zygosity=Heterozygous (Cosmic-CLP=1298347).|Mutation; HGNC; HGNC:11730; TERT; Simple; c.1-124C>A (c.228C>A) (C228A); Zygosity=Unspecified; Note=In promoter (PubMed=31068700).|Mutation; HGNC; HGNC:11998; TP53; Simple; p.Cys141Trp (c.423C>G); ClinVar=VCV000376564; Zygosity=Homozygous (PubMed=1311061; DepMap=ACH-000852).,APC; TERT; TP53,NCIt; C3512; Lung adenocarcinoma,In situ; Lung; UBERON=UBERON_0002048.,NA
NCI-H1437,NCIH1437_LUNG,Lung,18,128c,NA,CVCL_1472,Mutation; HGNC; HGNC:11998; TP53; Simple; p.Arg267Pro (c.800G>C); ClinVar=VCV000428867; Zygosity=Homozygous (PubMed=1311061; PubMed=1565469; PubMed=20557307; ATCC=CRL-5872; Cosmic-CLP=687794; DepMap=ACH-000589).,TP53,NCIt; C3512; Lung adenocarcinoma,Metastatic; Pleural effusion; UBERON=UBERON_0000175.,NA
NCI-H146,NCIH146_LUNG,Lung,20,128c,NA,CVCL_1473,Mutation; HGNC; HGNC:7133; KMT2D; Simple; p.Glu2911Ter (c.8731G>T); Zygosity=Heterozygous (Cosmic-CLP=910899; DepMap=ACH-000506).|Mutation; HGNC; HGNC:7133; KMT2D; Simple; p.Glu4588Ter (c.13762G>T); Zygosity=Heterozygous (Cosmic-CLP=910899; DepMap=ACH-000506).|Mutation; HGNC; HGNC:9884; RB1; Simple; p.Gln850Ter (c.2548C>T); ClinVar=VCV000284733; Zygosity=Homozygous (Cosmic-CLP=910899; DepMap=ACH-000506).|Mutation; HGNC; HGNC:11998; TP53; Simple; p.Pro318Leufs*21 (c.953_971del19); Zygosity=Heterozygous (Cosmic-CLP=910899; DepMap=ACH-000506).,KMT2D; RB1; TP53,NCIt; C4917; Lung small cell carcinoma|ORDO; Orphanet_70573; Small cell lung cancer,Metastatic; Bone marrow; UBERON=UBERON_0002371.,NA
NCI-H1581,NCIH1581_LUNG,Lung,14,127c,NA,CVCL_1479,Mutation; HGNC; HGNC:583; APC; Simple; p.Ala1107fs*12 (c.3317_3318insG); Zygosity=Homozygous (ATCC=CRL-5878; Cosmic-CLP=908471; DepMap=ACH-000015).|Mutation; HGNC; HGNC:11998; TP53; Simple; p.Gln144Ter (c.430C>T); ClinVar=VCV000634688; Zygosity=Homozygous (PubMed=1311061; Cosmic-CLP=908471; DepMap=ACH-000015).,APC; TP53,NCIt; C4450; Lung large cell carcinoma,In situ; Lung; UBERON=UBERON_0002048.,NA
NCI-H1581,NCIH1581_LUNG,Lung,0,130c,Bridge line,CVCL_1479,Mutation; HGNC; HGNC:583; APC; Simple; p.Ala1107fs*12 (c.3317_3318insG); Zygosity=Homozygous (ATCC=CRL-5878; Cosmic-CLP=908471; DepMap=ACH-000015).|Mutation; HGNC; HGNC:11998; TP53; Simple; p.Gln144Ter (c.430C>T); ClinVar=VCV000634688; Zygosity=Homozygous (PubMed=1311061; Cosmic-CLP=908471; DepMap=ACH-000015).,APC; TP53,NCIt; C4450; Lung large cell carcinoma,In situ; Lung; UBERON=UBERON_0002048.,NA
NCI-H1650,NCIH1650_LUNG,Lung,11,130n,NA,CVCL_1483,Mutation; HGNC; HGNC:3236; EGFR; Simple; p.Glu746_Ala750del (c.2235_2249del15); ClinVar=VCV000163343; Zygosity=Heterozygous (PubMed=17332333; Cosmic-CLP=687800; DepMap=ACH-000035).|Mutation; HGNC; HGNC:11998; TP53; Simple; c.673-2A>G (IVS6-2A>G); ClinVar=VCV000458555; Zygosity=Homozygous; Note=Splice acceptor mutation (PubMed=20557307; Cosmic-CLP=687800; DepMap=ACH-000035).,EGFR; TP53,NCIt; C2923; Minimally invasive lung adenocarcinoma,Metastatic; Pleural effusion; UBERON=UBERON_0000175.,NA
NCI-H1666,NCIH1666_LUNG,Lung,16,127c,NA,CVCL_1485,Mutation; HGNC; HGNC:1097; BRAF; Simple; p.Gly466Val (c.1397G>T); ClinVar=VCV000013967; Zygosity=Unspecified (PubMed=12068308).|Mutation; HGNC; HGNC:11998; TP53; None_reported; -; Zygosity=- (PubMed=1565469).,BRAF; TP53,NCIt; C2923; Minimally invasive lung adenocarcinoma,Metastatic; Pleural effusion; UBERON=UBERON_0000175.,NA
NCI-H1693,NCIH1693_LUNG,Lung,8,128c,NA,CVCL_1488,Mutation; HGNC; HGNC:11100; SMARCA4; Simple; p.Leu1085Glnfs*32 (c.3254_3270del); Zygosity=Heterozygous (Cosmic-CLP=687802; DepMap=ACH-000021).|Mutation; HGNC; HGNC:11998; TP53; Simple; c.993+1G>T (IVS9+1G>T); ClinVar=VCV000634766; Zygosity=Homozygous (Cosmic-CLP=687802; DepMap=ACH-000021).,SMARCA4; TP53,NCIt; C3512; Lung adenocarcinoma,Metastatic; Lymph node; UBERON=UBERON_0000029.,NA
NCI-H1703,NCIH1703_LUNG,Lung,19,128c,NA,CVCL_1490,Mutation; HGNC; HGNC:1787; CDKN2A; Simple; p.Asp84Val (c.251A>T); ClinVar=VCV002136746; Zygosity=Homozygous (Cosmic-CLP=908474; DepMap=ACH-000747).|Mutation; HGNC; HGNC:11998; TP53; Simple; c.919+1G>T (IVS8+1G>T); ClinVar=VCV000495326; Zygosity=Homozygous; Note=Splice donor mutation (PubMed=20557307; Cosmic-CLP=908474; DepMap=ACH-000747).,CDKN2A; TP53,NCIt; C3493; Lung squamous cell carcinoma,In situ; Lung; UBERON=UBERON_0002048.,NA
NCI-H1792,NCIH1792_LUNG,Lung,14,128n,NA,CVCL_1495,"Mutation; HGNC; HGNC:1787; CDKN2A; Simple; p.Trp110Ter (c.330G>A) (p.Gly125Arg, c.373G>A); ClinVar=VCV000376303; Zygosity=Heterozygous (Cosmic-CLP=724868).|Mutation; HGNC; HGNC:6407; KRAS; Simple; p.Gly12Cys (c.34G>T); ClinVar=VCV000012578; Zygosity=Heterozygous (PubMed=1311061; PubMed=12068308; Cosmic-CLP=724868; DepMap=ACH-000496).|Mutation; HGNC; HGNC:11998; TP53; Simple; c.672+1G>A; ClinVar=VCV000216078; Zygosity=Homozygous; Note=Splice donor mutation (PubMed=1311061; Cosmic-CLP=724868; DepMap=ACH-000496).",CDKN2A; KRAS; TP53,NCIt; C3512; Lung adenocarcinoma,Metastatic; Pleural effusion; UBERON=UBERON_0000175.,NA
NCI-H1793,NCIH1793_LUNG,Lung,17,128n,NA,CVCL_1496,Mutation; HGNC; HGNC:11998; TP53; Simple; p.Arg209Ter (c.625A>T); Zygosity=Heterozygous (PubMed=1311061; Cosmic-CLP=908463; DepMap=ACH-000888).|Mutation; HGNC; HGNC:11998; TP53; Simple; p.Arg273His (c.818G>A); ClinVar=VCV000012366; Zygosity=Heterozygous (PubMed=1311061; Cosmic-CLP=908463; DepMap=ACH-000888).,TP53,NCIt; C3512; Lung adenocarcinoma,In situ; Lung; UBERON=UBERON_0002048.,NA
NCI-H1944,NCIH1944_LUNG,Lung,15,128c,NA,CVCL_1508,Mutation; HGNC; HGNC:882; ATR; Simple; p.Arg2363Ter (c.7087C>T); Zygosity=Heterozygous (Cosmic-CLP=1240185; DepMap=ACH-000414).|Mutation; HGNC; HGNC:6407; KRAS; Simple; p.Gly13Asp (c.38G>A); ClinVar=VCV000012580; Zygosity=Heterozygous (Cosmic-CLP=1240185; DepMap=ACH-000414).,ATR; KRAS,NCIt; C3512; Lung adenocarcinoma,In situ; Lung; UBERON=UBERON_0002048.,NA
NCI-H196,NCIH196_LUNG,Lung,19,129n,NA,CVCL_1509,Mutation; HGNC; HGNC:9884; RB1; Simple; p.Gln383Ter (c.1147C>T); ClinVar=VCV000428664; Zygosity=Homozygous (DepMap=ACH-000752).|Mutation; HGNC; HGNC:11998; TP53; Simple; p.Arg175His (c.524G>A); ClinVar=VCV000012374; Zygosity=Homozygous (DepMap=ACH-000752).,RB1; TP53,NCIt; C45540; Lung sarcomatoid carcinoma,Metastatic; Pleural effusion; UBERON=UBERON_0000175.,NA
NCI-H2009,NCIH2009_LUNG,Lung,19,129c,NA,CVCL_1514,Mutation; HGNC; HGNC:914; B2M; Simple; p.Met1Val (c.1A>G); ClinVar=VCV000376369; Zygosity=Heterozygous (Cosmic-CLP=724873; DepMap=ACH-000886).|Mutation; HGNC; HGNC:914; B2M; Simple; p.Gln28Ter (c.82C>T); Zygosity=Heterozygous (Cosmic-CLP=724873; DepMap=ACH-000886).|Mutation; HGNC; HGNC:6407; KRAS; Simple; p.Gly12Ala (c.35G>C); ClinVar=VCV000045122; Zygosity=Heterozygous (PubMed=1311061; PubMed=12068308; Cosmic-CLP=724873; DepMap=ACH-000886).|Mutation; HGNC; HGNC:11730; TERT; Simple; c.1-124C>T (c.228C>T) (C228T); Zygosity=Unspecified; Note=In promoter (PubMed=31068700).|Mutation; HGNC; HGNC:11998; TP53; Simple; p.Arg273Leu (c.818G>T); ClinVar=VCV000376655; Zygosity=Homozygous (PubMed=1311061; PubMed=20557307; Cosmic-CLP=724873; DepMap=ACH-000886).,B2M; KRAS; TERT; TP53,NCIt; C3512; Lung adenocarcinoma,Metastatic; Lymph node; UBERON=UBERON_0000029.,NA
NCI-H2030,NCIH2030_LUNG,Lung,18,130c,NA,CVCL_1517,Mutation; HGNC; HGNC:6407; KRAS; Simple; p.Gly12Cys (c.34G>T); ClinVar=VCV000012578; Zygosity=Homozygous (Cosmic-CLP=722045; DepMap=ACH-000521).|Mutation; HGNC; HGNC:11998; TP53; Simple; p.Gly262Val (c.785G>T); ClinVar=VCV000428889; Zygosity=Homozygous (Cosmic-CLP=722045; DepMap=ACH-000521).,KRAS; TP53,NCIt; C3512; Lung adenocarcinoma,Metastatic; Lymph node; UBERON=UBERON_0000029.,NA
NCI-H2052,NCIH2052_PLEURA,Pleura,32,128c,NA,CVCL_1518,Gene deletion; HGNC; HGNC:1787; CDKN2A; Zygosity=Homozygous (PubMed=16630136; PubMed=21642991).|Gene deletion; HGNC; HGNC:6515; LATS2; Zygosity=Homozygous (PubMed=21245096).|Mutation; HGNC; HGNC:7773; NF2; Simple; p.Arg341Ter (c.1021C>T); ClinVar=VCV000003292; Zygosity=Homozygous (PubMed=16630136; PubMed=25902174; Cosmic-CLP=688058; DepMap=ACH-000153).|Mutation; HGNC; HGNC:9883; RASSF2; Simple; p.Glu294Ter (c.880G>T); Zygosity=Heterozygous (PubMed=25902174; DepMap=ACH-000153).|Mutation; HGNC; HGNC:11730; TERT; Simple; c.1-124C>T (c.228C>T) (C228T); Zygosity=Unspecified; Note=In promoter (PubMed=31068700).|Mutation; HGNC; HGNC:11998; TP53; None_reported; -; Zygosity=- (Cosmic-CLP=688058; DepMap=ACH-000153).,CDKN2A; LATS2; NF2; RASSF2; TERT; TP53,NCIt; C45663; Pleural sarcomatoid mesothelioma|ORDO; Orphanet_50251; Pleural mesothelioma,In situ; Pleural effusion; UBERON=UBERON_0000175.,NA
NCI-H2066,NCIH2066_LUNG,Lung,14,128c,NA,CVCL_1520,Mutation; HGNC; HGNC:11998; TP53; Simple; p.Val157Phe (c.469G>T); ClinVar=VCV000012353; Zygosity=Homozygous (PubMed=1311061; Cosmic-CLP=1330973; DepMap=ACH-000727).,TP53,NCIt; C3493; Lung squamous cell carcinoma,In situ; Lung; UBERON=UBERON_0002048.,NA
NCI-H2110,NCIH2110_LUNG,Lung,10,127n,NA,CVCL_1530,Mutation; HGNC; HGNC:10023; RIT1; Simple; p.Met90Ile (c.270G>A); ClinVar=VCV000120250; Zygosity=Heterozygous (DepMap=ACH-000929).|Mutation; HGNC; HGNC:11998; TP53; Simple; p.Arg158Pro (c.473G>C); ClinVar=VCV000246118; Zygosity=Homozygous (DepMap=ACH-000929).,RIT1; TP53,NCIt; C2926; Lung non-small cell carcinoma,Metastatic; Pleural effusion; UBERON=UBERON_0000175.,NA
NCI-H2122,NCIH2122_LUNG,Lung,18,129n,NA,CVCL_1531,Mutation; HGNC; HGNC:6407; KRAS; Simple; p.Gly12Cys (c.34G>T); ClinVar=VCV000012578; Zygosity=Homozygous (PubMed=1311061; Cosmic-CLP=722046; DepMap=ACH-000311).|Mutation; HGNC; HGNC:11998; TP53; Simple; p.Gln16Leu (c.47A>T); Zygosity=Heterozygous (PubMed=20557307; Cosmic-CLP=722046; DepMap=ACH-000311).|Mutation; HGNC; HGNC:11998; TP53; Simple; p.Cys176Phe (c.527G>T); ClinVar=VCV000376569; Zygosity=Heterozygous (PubMed=20557307; Cosmic-CLP=722046; DepMap=ACH-000311).,KRAS; TP53,NCIt; C3512; Lung adenocarcinoma,Metastatic; Pleural effusion; UBERON=UBERON_0000175.,NA
NCI-H2126,NCIH2126_LUNG,Lung,17,128c,NA,CVCL_1532,Mutation; HGNC; HGNC:11100; SMARCA4; Simple; p.Trp764Arg (c.2290T>A); Zygosity=Homozygous (Cosmic-CLP=687814; DepMap=ACH-000785).|Mutation; HGNC; HGNC:11998; TP53; Simple; p.Glu62Ter (c.184G>T); ClinVar=VCV000617472; Zygosity=Homozygous (PubMed=20557307; Cosmic-CLP=687814; DepMap=ACH-000785).,SMARCA4; TP53,NCIt; C4450; Lung large cell carcinoma,Metastatic; Pleural effusion; UBERON=UBERON_0000175.,NA
NCI-H2172,NCIH2172_LUNG,Lung,21,128c,NA,CVCL_1537,Mutation; HGNC; HGNC:23177; KEAP1; Simple; p.Gly430Cys (c.1288G>T); Zygosity=Homozygous (DepMap=ACH-000924).,KEAP1,NCIt; C2926; Lung non-small cell carcinoma,In situ; Lung; UBERON=UBERON_0002048.,NA
NCI-H2228,NCIH2228_LUNG,Lung,17,129n,NA,CVCL_1543,Gene fusion; HGNC; HGNC:427; ALK + HGNC; HGNC:1316; EML4; Name(s)=EML4-ALK; Note=E6A20 v3 fusion (PubMed=18594010; DOI=10.1101/2022.06.08.495301; DepMap=ACH-000447).|Gene fusion; HGNC; HGNC:427; ALK + HGNC; HGNC:9655; PTPN3; Name(s)=ALK-PTPN3 (PubMed=22334442).|Mutation; HGNC; HGNC:11998; TP53; Simple; p.Gln331Ter (c.991C>T); ClinVar=VCV000922893; Zygosity=Homozygous (Cosmic-CLP=687816; DepMap=ACH-000447).,ALK; HGNC; TP53,NCIt; C3512; Lung adenocarcinoma,In situ; Lung; UBERON=UBERON_0002048.,NA
NCI-H226,NCIH226_LUNG,Lung,34,127c,NA,CVCL_1544,Gene deletion; HGNC; HGNC:1787; CDKN2A; Zygosity=Homozygous (ATCC=CRL-5826).|Mutation; HGNC; HGNC:11998; TP53; None_reported; -; Zygosity=- (PubMed=1568228; PubMed=20557307).,CDKN2A; TP53,NCIt; C45662; Pleural epithelioid mesothelioma|ORDO; Orphanet_50251; Pleural mesothelioma,In situ; Pleural effusion; UBERON=UBERON_0000175.,NA
NCI-H2286,NCIH2286_LUNG,Lung,19,130n,NA,CVCL_1545,Mutation; HGNC; HGNC:11100; SMARCA4; Simple; p.Arg1135Gln (c.3404G>A); Zygosity=Homozygous (DepMap=ACH-000912).|Mutation; HGNC; HGNC:11998; TP53; Simple; p.Lys291Ter (c.871A>T); Zygosity=Homozygous (DepMap=ACH-000912).,SMARCA4; TP53,NCIt; C3512; Lung adenocarcinoma,In situ; Lung; UBERON=UBERON_0002048.,NA
NCI-H2291,NCIH2291_LUNG,Lung,16,128n,NA,CVCL_1546,Mutation; HGNC; HGNC:6407; KRAS; Simple; p.Gly12Phe (c.34_35GG>TT) (c.34_35delinsTT); Zygosity=Homozygous (PubMed=12068308; Cosmic-CLP=724874; DepMap=ACH-000718).|Mutation; HGNC; HGNC:11998; TP53; Simple; p.Gly154Val (c.461G>T); ClinVar=VCV000651769; Zygosity=Homozygous (Cosmic-CLP=724874; DepMap=ACH-000718).,KRAS; TP53,NCIt; C3512; Lung adenocarcinoma,Metastatic; Lymph node; UBERON=UBERON_0000029.,NA
NCI-H23,NCIH23_LUNG,Lung,20,129c,NA,CVCL_1547,Mutation; HGNC; HGNC:795; ATM; Simple; p.Gln1919Pro (c.5756A>C); ClinVar=VCV000580726; Zygosity=Homozygous (PubMed=27602502).|Mutation; HGNC; HGNC:6407; KRAS; Simple; p.Gly12Cys (c.34G>T); ClinVar=VCV000012578; Zygosity=Heterozygous (PubMed=1311061; PubMed=17088437).|Mutation; HGNC; HGNC:11389; STK11; Simple; p.Trp332Ter (c.996G>A); ClinVar=VCV000376339; Zygosity=Homozygous (PubMed=17088437).|Mutation; HGNC; HGNC:11998; TP53; Simple; p.Met246Ile (c.738G>C); ClinVar=VCV001758655; Zygosity=Homozygous (PubMed=1311061; PubMed=9331090; PubMed=1565469; PubMed=10536175; PubMed=12820372; PubMed=15900046; PubMed=17088437; PubMed=20557307).,ATM; KRAS; STK11; TP53,NCIt; C3512; Lung adenocarcinoma,In situ; Lung; UBERON=UBERON_0002048.,NA
NCI-H292,NCIH292_LUNG,Lung,36,128c,NA,CVCL_0455,"Gene fusion; HGNC; HGNC:16062; CRTC1 + HGNC; HGNC:16259; MAML2; Name(s)=CRTC1-MAML2, MECT1-MAML2 (PubMed=12539049; PubMed=25485619).|Mutation; HGNC; HGNC:7773; NF2; Simple; p.Pro496Thrfs*8 (c.1484_1485insA); Zygosity=Heterozygous (Cosmic-CLP=753604; DepMap=ACH-001075).",CRTC1; HGNC; NF2,NCIt; C45544; Lung mucoepidermoid carcinoma,Metastatic; Lymph node; UBERON=UBERON_0000029.,NA
NCI-H358,NCIH358_LUNG,Lung,6,126,NA,CVCL_1559,Gene deletion; HGNC; HGNC:11998; TP53; Zygosity=Homozygous (PubMed=1311061; PubMed=1565469; PubMed=20557307).|Mutation; HGNC; HGNC:2514; CTNNB1; Simple; p.Thr75Ala (c.223A>G); Zygosity=Heterozygous (PubMed=11464291; DepMap=ACH-000860).|Mutation; HGNC; HGNC:6407; KRAS; Simple; p.Gly12Cys (c.34G>T); ClinVar=VCV000012578; Zygosity=Heterozygous (PubMed=1311061; PubMed=9649128; PubMed=12068308).,TP53; CTNNB1; KRAS,NCIt; C2923; Minimally invasive lung adenocarcinoma,In situ; Lung; UBERON=UBERON_0002048.,Club cell; CL=CL_0000158.
NCI-H441,NCIH441_LUNG,Lung,15,129n,NA,CVCL_1561,Mutation; HGNC; HGNC:6407; KRAS; Simple; p.Gly12Val (c.35G>T); ClinVar=VCV000012583; Zygosity=Heterozygous (PubMed=1311061; ATCC=HTB-174; Cosmic-CLP=908460; DepMap=ACH-000638).|Mutation; HGNC; HGNC:11998; TP53; Simple; p.Arg158Leu (c.473G>T); ClinVar=VCV000528248; Zygosity=Homozygous (PubMed=1311061; PubMed=10536175; PubMed=20557307; Cosmic-CLP=908460; DepMap=ACH-000638).,KRAS; TP53,NCIt; C5650; Lung papillary adenocarcinoma,Metastatic; Pericardial effusion; UBERON=UBERON_0002409.,Club cell; CL=CL_0000158.
NCI-H446,NCIH446_LUNG,Lung,38,130n,NA,CVCL_1562,Gene fusion; HGNC; HGNC:6728; LY6H + HGNC; HGNC:9709; PVT1; Name(s)=PVT1-LY6H (PubMed=23716474).|Mutation; HGNC; HGNC:11998; TP53; Simple; p.Gly154Val (c.461G>T); ClinVar=VCV000651769; Zygosity=Homozygous (PubMed=20557307; Cosmic-CLP=688023; DepMap=ACH-000800).,LY6H; HGNC; TP53,NCIt; C4917; Lung small cell carcinoma|ORDO; Orphanet_70573; Small cell lung cancer,Metastatic; Pleural effusion; UBERON=UBERON_0000175.,NA
NCI-H460,NCIH460_LUNG,Lung,22,128c,NA,CVCL_0459,Mutation; HGNC; HGNC:6407; KRAS; Simple; p.Gln61His (c.183A>T); ClinVar=VCV000045117; Zygosity=Homozygous (PubMed=12068308; PubMed=12794755; PubMed=17088437; DepMap=ACH-000463).|Mutation; HGNC; HGNC:8975; PIK3CA; Simple; p.Glu545Lys (c.1633G>A); ClinVar=VCV000013655; Zygosity=Heterozygous (PubMed=17088437).|Mutation; HGNC; HGNC:11389; STK11; Simple; p.Gln37Ter (c.109C>T); ClinVar=VCV000376334; Zygosity=Homozygous (PubMed=17088437).|Mutation; HGNC; HGNC:11998; TP53; None_reported; -; Zygosity=- (PubMed=1311061; PubMed=15900046; PubMed=20557307).,KRAS; PIK3CA; STK11; TP53,NCIt; C4450; Lung large cell carcinoma,Metastatic; Pleural effusion; UBERON=UBERON_0000175.,NA
NCI-H520,NCIH520_LUNG,Lung,10,128n,NA,CVCL_1566,Mutation; HGNC; HGNC:795; ATM; Simple; p.Pro383Ala (c.1147C>G); ClinVar=VCV001001330; Zygosity=Heterozygous (PubMed=27602502; Cosmic-CLP=908443; DepMap=ACH-000395).|Mutation; HGNC; HGNC:1787; CDKN2A; Simple; p.Gly45Valfs*8 (c.134delG); Zygosity=Homozygous (Cosmic-CLP=908443; DepMap=ACH-000395).|Mutation; HGNC; HGNC:11998; TP53; Simple; p.Trp146Ter (c.438G>A); ClinVar=VCV000428890; Zygosity=Homozygous (PubMed=1311061; PubMed=10536175; PubMed=20557307; Cosmic-CLP=908443; DepMap=ACH-000395).,ATM; CDKN2A; TP53,NCIt; C3493; Lung squamous cell carcinoma,In situ; Lung; UBERON=UBERON_0002048.,NA
NCI-H522,NCIH522_LUNG,Lung,22,129n,NA,CVCL_1567,Mutation; HGNC; HGNC:11998; TP53; Simple; p.Pro191fs*56 (c.571delC); Zygosity=Homozygous (PubMed=1311061; PubMed=1565469; PubMed=15900046; PubMed=17088437; PubMed=18277095; PubMed=20557307).,TP53,NCIt; C3512; Lung adenocarcinoma,In situ; Lung; UBERON=UBERON_0002048.,NA
NCI-H647,NCIH647_LUNG,Lung,35,127c,NA,CVCL_1574,Mutation; HGNC; HGNC:6407; KRAS; Simple; p.Gly13Asp (c.38G>A); ClinVar=VCV000012580; Zygosity=Homozygous (PubMed=1311061; Cosmic-CLP=1240191; DepMap=ACH-000378).|Mutation; HGNC; HGNC:11998; TP53; Simple; c.782+1G>T; ClinVar=VCV000496048; Zygosity=Homozygous; Note=Splice donor mutation (PubMed=1311061; PubMed=1565469; Cosmic-CLP=1240191; DepMap=ACH-000378).,KRAS; TP53,NCIt; C9133; Lung adenosquamous carcinoma,Metastatic; Pleural effusion; UBERON=UBERON_0000175.,NA
NCI-H650,NCIH650_LUNG,Lung,30,130n,NA,CVCL_1575,Mutation; HGNC; HGNC:1101; BRCA2; Simple; p.Ser871Ter (c.2612C>A); ClinVar=VCV000051315; Zygosity=Heterozygous (Cosmic-CLP=722066; DepMap=ACH-000945).|Mutation; HGNC; HGNC:6342; KIT; Simple; p.Pro41Glnfs*6 (c.121delC); Zygosity=Heterozygous (Cosmic-CLP=722066; DepMap=ACH-000945).|Mutation; HGNC; HGNC:6342; KIT; Simple; p.Glu306Ter (c.916G>T); Zygosity=Heterozygous (Cosmic-CLP=722066; DepMap=ACH-000945).|Mutation; HGNC; HGNC:6407; KRAS; Simple; p.Gln61Leu (c.182A>T); ClinVar=VCV000045116; Zygosity=Homozygous (Cosmic-CLP=722066; DepMap=ACH-000945).|Mutation; HGNC; HGNC:11998; TP53; Simple; p.Lys164Asn (c.492G>T); Zygosity=Homozygous (PubMed=1311061; Cosmic-CLP=722066; DepMap=ACH-000945).,BRCA2; KIT; KRAS; TP53,NCIt; C3512; Lung adenocarcinoma,In situ; Lung; UBERON=UBERON_0002048.,NA
NCI-H661,NCIH661_LUNG,Lung,17,129c,NA,CVCL_1577,Mutation; HGNC; HGNC:1787; CDKN2A; Simple; c.457+1G>T; ClinVar=VCV000635367; Zygosity=Homozygous; Note=Splice donor mutation (Cosmic-CLP=687829; DepMap=ACH-000853).|Mutation; HGNC; HGNC:6513; LASP1; Simple; p.Glu48Ter (c.142G>T); Zygosity=Heterozygous (Cosmic-CLP=687829; DepMap=ACH-000853).|Mutation; HGNC; HGNC:11998; TP53; Simple; p.Arg158Leu (c.473G>T); ClinVar=VCV000528248; Zygosity=Heterozygous (PubMed=1311061; PubMed=20557307; Cosmic-CLP=687829; DepMap=ACH-000853).|Mutation; HGNC; HGNC:11998; TP53; Simple; p.Ser215Ile (c.644G>T); ClinVar=VCV000376660; Zygosity=Heterozygous (PubMed=1311061; PubMed=20557307; Cosmic-CLP=687829; DepMap=ACH-000853).,CDKN2A; LASP1; TP53,NCIt; C4450; Lung large cell carcinoma,Metastatic; Lymph node; UBERON=UBERON_0000029.,NA
NCI-H716,NCIH716_LARGE_INTESTINE,Large Intestine,36,129n,NA,CVCL_1581,Gene fusion; HGNC; HGNC:18261; NPLOC4 + HGNC; HGNC:8789; PDE6G; Name(s)=NPLOC4-PDE6G (PubMed=25485619).|Mutation; HGNC; HGNC:6407; KRAS; Simple; p.Arg97Ile (c.290G>T); Zygosity=Heterozygous (Cosmic-CLP=908458; DepMap=ACH-000491).|Mutation; HGNC; HGNC:11998; TP53; Simple; p.Glu224Asp (c.672G>T); ClinVar=VCV000635390; Zygosity=Homozygous (PubMed=16418264; Cosmic-CLP=908458; DepMap=ACH-000491).,NPLOC4; HGNC; KRAS; TP53,NCIt; C5543; Cecum adenocarcinoma,Metastatic; Ascites; UBERON=UBERON_0007795.,NA
NCI-H747,NCIH747_LARGE_INTESTINE,Large Intestine,16,128c,NA,CVCL_1587,Mutation; HGNC; HGNC:583; APC; Simple; p.Gln161Ter (c.481C>T); ClinVar=VCV000229997; Zygosity=Heterozygous (ATCC=CCL-252; Cosmic-CLP=908457; DepMap=ACH-000403).|Mutation; HGNC; HGNC:583; APC; Simple; p.Gln1429Ter (c.4285C>T); ClinVar=VCV000376063; Zygosity=Heterozygous (ATCC=CCL-252; Cosmic-CLP=908457; DepMap=ACH-000403).|Mutation; HGNC; HGNC:6407; KRAS; Simple; p.Gly13Asp (c.38G>A); ClinVar=VCV000012580; Zygosity=Heterozygous (PubMed=12068308; PubMed=20570890; Cosmic-CLP=908457; DepMap=ACH-000403).|Mutation; HGNC; HGNC:11998; TP53; Simple; p.Arg158Leu (c.473G>T); ClinVar=VCV000528248; Zygosity=Homozygous (Cosmic-CLP=908457; DepMap=ACH-000403).,APC; KRAS; TP53,NCIt; C5543; Cecum adenocarcinoma,Metastatic; Lymph node; UBERON=UBERON_0000029.,NA
NCI-H82,NCIH82_LUNG,Lung,0,130n,Bridge line,CVCL_1591,Gene fusion; HGNC; HGNC:7577; MYH7 + HGNC; HGNC:9709; PVT1; Name(s)=PVT1-MYH7 (PubMed=23716474).|Mutation; HGNC; HGNC:11998; TP53; Simple; p.Thr125Thr (c.375G>T); ClinVar=VCV000237948; Zygosity=Unspecified; Note=Impairs TP53 splicing dramatically (PubMed=1312696; PubMed=1565469; PubMed=20557307; PubMed=24700732).,MYH7; HGNC; TP53,NCIt; C4917; Lung small cell carcinoma|ORDO; Orphanet_70573; Small cell lung cancer,Metastatic; Pleural effusion; UBERON=UBERON_0000175.,NA
NCI-H838,NCIH838_LUNG,Lung,16,129n,NA,CVCL_1594,Mutation; HGNC; HGNC:11110; ARID1A; Simple; p.Pro1876Serfs*22 (c.5625_5632del) (p.CPP1657fs) (c.5621_5628delGCCCACCA); Zygosity=Heterozygous (Cosmic-CLP=910399; DepMap=ACH-000416).|Mutation; HGNC; HGNC:11998; TP53; Simple; p.Glu62Ter (c.184G>T); ClinVar=VCV000617472; Zygosity=Homozygous (Cosmic-CLP=910399; DepMap=ACH-000416).,ARID1A; TP53,NCIt; C3512; Lung adenocarcinoma,Metastatic; Lymph node; UBERON=UBERON_0000029.,NA
NCI-H929,NCIH929_HAEMATOPOIETIC_AND_LYMPHOID_TISSUE,Haematopoietic and Lymphoid Tissue,42,128c,NA,CVCL_1600,Mutation; HGNC; HGNC:7989; NRAS; Simple; p.Gly13Asp (c.38G>A); ClinVar=VCV000013901; Zygosity=Heterozygous (PubMed=11157491; PubMed=12068308; PubMed=21173094; ATCC=CRL-3580).,NRAS,NCIt; C3242; Plasma cell myeloma|ORDO; Orphanet_29073; Multiple myeloma,In situ; Pleural effusion; UBERON=UBERON_0000175.,Plasma cell; CL=CL_0000786.
NCI-N87,NCIN87_STOMACH,Stomach,26,128c,NA,CVCL_1603,Gene deletion; HGNC; HGNC:6770; SMAD4; Zygosity=Homozygous (ATCC=CRL-5822).|Mutation; HGNC; HGNC:3431; ERBB3; Simple; p.Thr757Lys (c.2270C>A); Zygosity=Unspecified (PubMed=26919099).|Mutation; HGNC; HGNC:11998; TP53; Simple; p.Arg248Gln (c.743G>A); ClinVar=VCV000012356; Zygosity=Homozygous (PubMed=1676761; ATCC=CRL-5822).,SMAD4; ERBB3; TP53,NCIt; C5473; Gastric tubular adenocarcinoma,Metastatic; Liver; UBERON=UBERON_0002107.,NA
NCIH1573,NCIH1573_LUNG,Lung,12,126,NA,CVCL_1478,Mutation; HGNC; HGNC:6407; KRAS; Simple; p.Gly12Ala (c.35G>C); ClinVar=VCV000045122; Zygosity=Heterozygous (Cosmic-CLP=908472; DepMap=ACH-000916).|Mutation; HGNC; HGNC:7989; NRAS; Simple; p.Gln61Lys (c.181C>A); ClinVar=VCV000073058; Zygosity=Heterozygous (Cosmic-CLP=908472; DepMap=ACH-000916).|Mutation; HGNC; HGNC:9644; PTPN11; Simple; p.Arg351Ter (c.1051C>T); ClinVar=VCV000372552; Zygosity=Heterozygous (Cosmic-CLP=908472; DepMap=ACH-000916).|Mutation; HGNC; HGNC:11998; TP53; Simple; p.Arg248Leu (c.743G>T); ClinVar=VCV000230253; Zygosity=Homozygous (PubMed=1311061; Cosmic-CLP=908472; DepMap=ACH-000916).,KRAS; NRAS; PTPN11; TP53,NCIt; C3512; Lung adenocarcinoma,In situ; Lung; UBERON=UBERON_0002048.,NA
NCIH1975,NCIH1975_LUNG,Lung,13,128c,NA,CVCL_1511,Mutation; HGNC; HGNC:3236; EGFR; Simple; p.Thr790Met (c.2369C>T); ClinVar=VCV000016613; Zygosity=Heterozygous (PubMed=17332333; PubMed=21498706; Cosmic-CLP=924244; DepMap=ACH-000587).|Mutation; HGNC; HGNC:3236; EGFR; Simple; p.Leu858Arg (c.2573T>G); ClinVar=VCV000016609; Zygosity=Heterozygous (PubMed=17332333; PubMed=21498706; Cosmic-CLP=924244; DepMap=ACH-000587).|Mutation; HGNC; HGNC:8975; PIK3CA; Simple; p.Gly118Asp (c.353G>A); ClinVar=VCV000156446; Zygosity=Heterozygous (Cosmic-CLP=924244; DepMap=ACH-000587).|Mutation; HGNC; HGNC:11998; TP53; Simple; p.Arg273His (c.818G>A); ClinVar=VCV000012366; Zygosity=Homozygous (PubMed=20557307; Cosmic-CLP=924244; DepMap=ACH-000587).,EGFR; PIK3CA; TP53,NCIt; C3512; Lung adenocarcinoma,In situ; Lung; UBERON=UBERON_0002048.,NA
NCIH2170,NCIH2170_LUNG,Lung,12,128c,NA,CVCL_1535,Mutation; HGNC; HGNC:667; RHOA; Simple; p.Gly17Val (c.50G>T); Zygosity=Heterozygous (Cosmic-CLP=687815; DepMap=ACH-000481).|Mutation; HGNC; HGNC:11998; TP53; Simple; p.Arg158Gly (c.472C>G); ClinVar=VCV000856171; Zygosity=Homozygous (Cosmic-CLP=687815; DepMap=ACH-000481).,RHOA; TP53,NCIt; C3493; Lung squamous cell carcinoma,NA,NA
NCIH3255,NCIH3255_LUNG,Lung,13,128n,NA,CVCL_6831,Mutation; HGNC; HGNC:11998; TP53; Simple; c.560-1G>A; ClinVar=VCV000634769; Zygosity=Unspecified; Note=Splice acceptor mutation (DepMap=ACH-000109).,TP53,NCIt; C3512; Lung adenocarcinoma,Metastatic; Pleural effusion; UBERON=UBERON_0000175.,NA
NIH:OVCAR-3,NIHOVCAR3_OVARY,Ovary,33,129c,NA,CVCL_0465,Mutation; HGNC; HGNC:8979; PIK3R1; Simple; c.1746-2A>T; Zygosity=Heterozygous; Note=Splice acceptor mutation (DepMap=ACH-000001).|Mutation; HGNC; HGNC:11998; TP53; Simple; p.Arg248Gln (c.743G>A); ClinVar=VCV000012356; Zygosity=Homozygous (PubMed=9331090; PubMed=17088437; PubMed=18277095; PubMed=21912889; PubMed=24023729; PubMed=25230021; PubMed=28273451; DepMap=ACH-000001).,PIK3R1; TP53,NCIt; C105555; High grade ovarian serous adenocarcinoma,Metastatic; Ascites; UBERON=UBERON_0007795.,NA
NU-DHL-1,NUDHL1_HAEMATOPOIETIC_AND_LYMPHOID_TISSUE,Haematopoietic and Lymphoid Tissue,36,129c,NA,CVCL_1876,Mutation; HGNC; HGNC:6407; KRAS; Simple; p.Ala146Thr (c.436G>A); ClinVar=VCV000197243; Zygosity=Heterozygous (DepMap=ACH-000388).|Mutation; HGNC; HGNC:11998; TP53; Simple; p.Arg248Gln (c.743G>A); ClinVar=VCV000012356; Zygosity=Heterozygous (DepMap=ACH-000388).,KRAS; TP53,NCIt; C8851; Diffuse large B-cell lymphoma|ORDO; Orphanet_544; Diffuse large B-cell lymphoma,In situ; Left inguinal lymph node; UBERON=UBERON_0001542.,NA
NUGC-3,NUGC3_STOMACH,Stomach,25,128c,NA,CVCL_1612,Mutation; HGNC; HGNC:11998; TP53; Simple; p.Tyr220Cys (c.659A>G); ClinVar=VCV000127819; Zygosity=Unspecified (PubMed=1370612).,TP53,NCIt; C4004; Gastric adenocarcinoma,Metastatic; Brachialis muscle; UBERON=UBERON_0001506.,NA
OCI-AML5,OCIAML5_HAEMATOPOIETIC_AND_LYMPHOID_TISSUE,Haematopoietic and Lymphoid Tissue,29,129c,NA,CVCL_1620,Mutation; HGNC; HGNC:25657; BCORL1; Simple; p.Lys1085Argfs*7 (c.3252delT); Zygosity=Unspecified (PubMed=21989985).,BCORL1,NCIt; C9154; Adult acute myeloid leukemia|ORDO; Orphanet_519; Acute myeloid leukemia,In situ; Peripheral blood; UBERON=UBERON_0000178.,NA
OCI-LY3,OCILY3_HAEMATOPOIETIC_AND_LYMPHOID_TISSUE,Haematopoietic and Lymphoid Tissue,36,130n,NA,CVCL_8800,"Gene fusion; HGNC; HGNC:5477; IGH + HGNC; HGNC:11242; SPIB; Name(s)=IGH-SPIB (PubMed=31160637; DSMZ=ACC-761).|Mutation; HGNC; HGNC:16393; CARD11; Simple; p.Leu251Pro (c.752T>C) (L244P); ClinVar=VCV001017661; Zygosity=Homozygous (PubMed=18323416; DepMap=ACH-000158).|Mutation; HGNC; HGNC:7562; MYD88; Simple; p.Leu252Pro (c.755T>C) (p.Leu265Pro, c.794T>C) (L265P); ClinVar=VCV000037055; Zygosity=Homozygous (PubMed=21179087; PubMed=23321251; DepMap=ACH-000158).",IGH; HGNC; CARD11; MYD88,NCIt; C36081; Diffuse large B-cell lymphoma activated B-cell type|ORDO; Orphanet_544; Diffuse large B-cell lymphoma,In situ; Bone marrow; UBERON=UBERON_0002371.,NA
OCUM-1,OCUM1_STOMACH,Stomach,39,129c,NA,CVCL_3084,Mutation; HGNC; HGNC:6840; MAP2K1; Simple; p.Gln56Pro (c.167A>C); ClinVar=VCV000375978; Zygosity=Hemizygous (PubMed=22327936).,MAP2K1,NCIt; C5250; Gastric signet ring cell adenocarcinoma,Metastatic; Pleural effusion; UBERON=UBERON_0000175.,NA
OE33,OE33_OESOPHAGUS,Oesophagus,10,129n,NA,CVCL_0471,Mutation; HGNC; HGNC:11998; TP53; Simple; p.Cys135Tyr (c.404G>A); ClinVar=VCV000141762; Zygosity=Unspecified (PubMed=20075370).,TP53,NCIt; C7027; Barrett adenocarcinoma|ORDO; Orphanet_99976; Adenocarcinoma of the esophagus,In situ; Esophagus; UBERON=UBERON_0001043.,NA
OPM-2,OPM2_HAEMATOPOIETIC_AND_LYMPHOID_TISSUE,Haematopoietic and Lymphoid Tissue,26,129n,NA,CVCL_1625,"Mutation; HGNC; HGNC:1787; CDKN2A; Simple; p.His83Tyr (c.247C>T) (p.Ala97Val, c.290C>T); ClinVar=VCV000376307; Zygosity=Heterozygous (Cosmic-CLP=909249).|Mutation; HGNC; HGNC:3690; FGFR3; Simple; p.Lys650Glu (c.1948A>G); ClinVar=VCV000016331; Zygosity=Heterozygous (PubMed=11157491; Cosmic-CLP=909249).|Mutation; HGNC; HGNC:6768; SMAD2; Simple; p.Leu87Arg (c.260T>G); Zygosity=Heterozygous (Cosmic-CLP=909249).|Mutation; HGNC; HGNC:11998; TP53; Simple; p.Arg175His (c.524G>A); ClinVar=VCV000012374; Zygosity=Homozygous (PubMed=21173094; Cosmic-CLP=909249).",CDKN2A; FGFR3; SMAD2; TP53,NCIt; C3242; Plasma cell myeloma|ORDO; Orphanet_29073; Multiple myeloma,In situ; Peripheral blood; UBERON=UBERON_0000178.,Plasma cell; CL=CL_0000786.
OS-RC-2,OSRC2_KIDNEY,Kidney,20,130n,NA,CVCL_1626,Mutation; HGNC; HGNC:9588; PTEN; Simple; p.Cys211Serfs (c.631_634+12del16); Zygosity=Heterozygous (Cosmic-CLP=909250; DepMap=ACH-000159).|Mutation; HGNC; HGNC:11730; TERT; Simple; c.1-124C>T (c.228C>T) (C228T); Zygosity=Unspecified; Note=In promoter (PubMed=31068700).|Mutation; HGNC; HGNC:11998; TP53; None_reported; -; Zygosity=- (Cosmic-CLP=909250; DepMap=ACH-000159).,PTEN; TERT; TP53,NCIt; C4033; Clear cell renal cell carcinoma|ORDO; Orphanet_319276; Clear cell renal carcinoma,In situ; Kidney; UBERON=UBERON_0002113.,NA
OV-90,OV90_OVARY,Ovary,32,129n,NA,CVCL_3768,Gene fusion; HGNC; HGNC:1790; CDKN2D + HGNC; HGNC:20482; WDFY2; Name(s)=CDKN2D-WDFY2 (PubMed=24675677).|Mutation; HGNC; HGNC:6770; SMAD4; Simple; p.Arg445Ter (c.1333C>T); ClinVar=VCV000024850; Zygosity=Homozygous (DepMap=ACH-000291).|Mutation; HGNC; HGNC:11998; TP53; Simple; p.Ser215Arg (c.643A>C); ClinVar=VCV000428895; Zygosity=Homozygous (PubMed=10949993; PubMed=20204287; PubMed=24023729; PubMed=25230021; PubMed=28273451; DepMap=ACH-000291).,CDKN2D; HGNC; SMAD4; TP53,NCIt; C7700; Ovarian adenocarcinoma|ORDO; Orphanet_213504; Adenocarcinoma of ovary,Metastatic; Ascites; UBERON=UBERON_0007795.,NA
OV56,OV56_OVARY,Ovary,35,128n,NA,CVCL_2673,Mutation; HGNC; HGNC:11110; ARID1A; Simple; p.Asp2178Glyfs*47 (c.6527_6528insG); Zygosity=Heterozygous (PubMed=25230021; Cosmic-CLP=1480362).|Mutation; HGNC; HGNC:6407; KRAS; Simple; p.Gly12Cys (c.34G>T); ClinVar=VCV000012578; Zygosity=Heterozygous (PubMed=25230021; PubMed=28273451; Cosmic-CLP=1480362).|Mutation; HGNC; HGNC:9588; PTEN; Simple; p.Arg130Gly (c.388C>G); ClinVar=VCV000375958; Zygosity=Homozygous (PubMed=28273451; Cosmic-CLP=1480362; DepMap=ACH-000091).|Mutation; HGNC; HGNC:11998; TP53; Simple; p.Lys101_Thr102fs (c.303_304delAA); Zygosity=Heterozygous (PubMed=25230021; PubMed=28273451; Cosmic-CLP=1480362).,ARID1A; KRAS; PTEN; TP53,NCIt; C7550; Ovarian serous adenocarcinoma,Metastatic; Ascites; UBERON=UBERON_0007795.,NA
OVCAR-4,OVCAR4_OVARY,Ovary,11,129n,NA,CVCL_1627,Mutation; HGNC; HGNC:11998; TP53; Simple; p.Leu130Val (c.388C>G); ClinVar=VCV000458543; Zygosity=Homozygous (PubMed=17088437; PubMed=24023729).,TP53,NCIt; C105555; High grade ovarian serous adenocarcinoma,Metastatic; Ascites; UBERON=UBERON_0007795.,NA
OVCAR-8,OVCAR8_OVARY,Ovary,24,130n,NA,CVCL_1629,"Mutation; HGNC; HGNC:2514; CTNNB1; Simple; p.Gln26Arg (c.77A>G); Zygosity=Heterozygous (PubMed=28273451; Cosmic-CLP=905991).|Mutation; HGNC; HGNC:3430; ERBB2; Simple; p.Gly776Val (c.2327G>T); ClinVar=VCV000163410; Zygosity=Heterozygous (PubMed=17088437).|Mutation; HGNC; HGNC:6407; KRAS; Simple; p.Pro121His (c.362C>A); Zygosity=Heterozygous (PubMed=28273451; Cosmic-CLP=905991).|Mutation; HGNC; HGNC:11998; TP53; Simple; c.376-1G>A (p.Tyr126_Lys132del, c.376_396del21); ClinVar=VCV000481003; Zygosity=Homozygous; Note=Splice acceptor mutation (PubMed=9331090; PubMed=20204287; PubMed=21912889; PubMed=28273451; Cosmic-CLP=905991).",CTNNB1; ERBB2; KRAS; TP53,NCIt; C105555; High grade ovarian serous adenocarcinoma,NA,NA
OVSAHO,OVSAHO_OVARY,Ovary,40,129n,NA,CVCL_3114,Mutation; HGNC; HGNC:11998; TP53; Simple; p.Arg342Ter (c.1024C>T); ClinVar=VCV000182970; Zygosity=Homozygous (DepMap=ACH-000409).,TP53,NCIt; C105555; High grade ovarian serous adenocarcinoma,Metastatic; Abdomen; UBERON=UBERON_0000916.,NA
PA-TU-8988T,PATU8988T_PANCREAS,Pancreas,3,126,NA,CVCL_1847,Gene deletion; HGNC; HGNC:6770; SMAD4; Zygosity=Homozygous (PubMed=10408907).|Mutation; HGNC; HGNC:3373; EP300; Unexplicit; Ex17-19del (c.4342del448); Zygosity=Homozygous (PubMed=10700188).|Mutation; HGNC; HGNC:6407; KRAS; Simple; p.Gly12Val (c.35G>T); ClinVar=VCV000012583; Zygosity=Homozygous (Cosmic-CLP=1240201; DepMap=ACH-000023).|Mutation; HGNC; HGNC:11998; TP53; Simple; p.Arg282Trp (c.844C>T); ClinVar=VCV000012364; Zygosity=Homozygous (PubMed=10700188; Cosmic-CLP=1240201; DepMap=ACH-000023).,SMAD4; EP300; KRAS; TP53,NCIt; C8294; Pancreatic adenocarcinoma,Metastatic; Liver; UBERON=UBERON_0002107.,NA
PANC-1,PANC1_PANCREAS,Pancreas,37,128c,NA,CVCL_0480,Gene deletion; HGNC; HGNC:1787; CDKN2A; Zygosity=Homozygous (PubMed=11787853; PubMed=15367885).|Mutation; HGNC; HGNC:6407; KRAS; Simple; p.Gly12Asp (c.35G>A); ClinVar=VCV000012582; Zygosity=Heterozygous (PubMed=7809022; PubMed=7961102; PubMed=8026879; PubMed=11115575; PubMed=11787853; PubMed=15367885; PubMed=21607521; DepMap=ACH-000164).|Mutation; HGNC; HGNC:11998; TP53; Simple; p.Arg273His (c.818G>A); ClinVar=VCV000012366; Zygosity=Homozygous (PubMed=1630814; PubMed=1764370; PubMed=7961102; PubMed=8026879; PubMed=11115575; PubMed=11787853; PubMed=15367885; PubMed=21607521; DepMap=ACH-000164).,CDKN2A; KRAS; TP53,NCIt; C9120; Pancreatic ductal adenocarcinoma,In situ; Pancreas; UBERON=UBERON_0001264.,NA
Panc 02.03,PANC0203_PANCREAS,Pancreas,42,129n,NA,CVCL_1633,Mutation; HGNC; HGNC:6407; KRAS; Simple; p.Gly12Asp (c.35G>A); ClinVar=VCV000012582; Zygosity=Heterozygous (PubMed=9612602; Cosmic-CLP=1298475; DepMap=ACH-000042).|Mutation; HGNC; HGNC:11998; TP53; Simple; p.Arg248Gln (c.743G>A); ClinVar=VCV000012356; Zygosity=Homozygous (Cosmic-CLP=1298475; DepMap=ACH-000042).,KRAS; TP53,NCIt; C8294; Pancreatic adenocarcinoma,In situ; Pancreas; UBERON=UBERON_0001264.,NA
Panc 04.03,PANC0403_PANCREAS,Pancreas,40,127c,NA,CVCL_1636,Gene fusion; HGNC; HGNC:16935; ATG7 + HGNC; HGNC:9829; RAF1; Name(s)=ATG7-RAF1 (PubMed=23637631).|Mutation; HGNC; HGNC:583; APC; Simple; p.Thr1556fs*3 (c.4660_4661insA) (E1554fs); Zygosity=Heterozygous (Cosmic-CLP=1298476; DepMap=ACH-000235).|Mutation; HGNC; HGNC:6407; KRAS; Simple; p.Gly12Asp (c.35G>A); ClinVar=VCV000012582; Zygosity=Heterozygous (PubMed=9612602; ATCC=CRL-2555; Cosmic-CLP=1298476; DepMap=ACH-000235).|Mutation; HGNC; HGNC:11998; TP53; Simple; p.Gly245Ser (c.733G>A); ClinVar=VCV000012365; Zygosity=Homozygous (Cosmic-CLP=1298476; DepMap=ACH-000235).,ATG7; HGNC; APC; KRAS; TP53,NCIt; C9120; Pancreatic ductal adenocarcinoma,In situ; Pancreas; UBERON=UBERON_0001264.,NA
PC-14,PC14_LUNG,Lung,5,126,NA,CVCL_1640,Mutation; HGNC; HGNC:3236; EGFR; Simple; p.Glu746_Ala750del (c.2235_2249del15); ClinVar=VCV000163343; Zygosity=Unspecified (PubMed=16105816).|Mutation; HGNC; HGNC:11998; TP53; Simple; p.Arg248Gln (c.743G>A); ClinVar=VCV000012356; Zygosity=Homozygous (PubMed=15901131; Cosmic-CLP=753608).,EGFR; TP53,NCIt; C3512; Lung adenocarcinoma,Metastatic; Lymph node; UBERON=UBERON_0000029.,NA
PC-3,PC3_PROSTATE,Prostate,9,129n,NA,CVCL_0035,Mutation; HGNC; HGNC:11998; TP53; Simple; p.Lys139Argfs*31 (c.414delC) (413delC); ClinVar=VCV000133281; Zygosity=Homozygous (PubMed=1873816; PubMed=8104329; PubMed=17088437; Cosmic-CLP=905934; DepMap=ACH-000090).,TP53,NCIt; C4863; Prostate carcinoma,Metastatic; Bone; UBERON=UBERON_0002481.,NA
PE/CA-PJ34 (clone C12),PECAPJ34CLONEC12_UPPER_AERODIGESTIVE_TRACT,Upper Aerodigestive Tract,22,129c,NA,CVCL_2679,Mutation; HGNC; HGNC:11998; TP53; Simple; p.Ala159Val (c.476C>T); ClinVar=VCV000458545; Zygosity=Homozygous (DepMap=ACH-000606).,TP53,NCIt; C37290; Head and neck basaloid carcinoma|ORDO; Orphanet_502363; Squamous cell carcinoma of the oral cavity,In situ; Oral cavity; UBERON=UBERON_0000167.,NA
PL45,PL45_PANCREAS,Pancreas,26,129c,NA,CVCL_3567,Mutation; HGNC; HGNC:6407; KRAS; Simple; p.Gly12Asp (c.35G>A); ClinVar=VCV000012582; Zygosity=Heterozygous (ATCC=CRL-2558).|Mutation; HGNC; HGNC:11998; TP53; Simple; p.Ile255Asn (c.764T>A); ClinVar=VCV000232289; Zygosity=Homozygous (from autologous cell line Panc 10.05).,KRAS; TP53,NCIt; C9120; Pancreatic ductal adenocarcinoma,NA,NA
QGP-1,QGP1_PANCREAS,Pancreas,11,127n,NA,CVCL_3143,Mutation; HGNC; HGNC:583; APC; Simple; p.Arg2166Gln (c.6497G>A); ClinVar=VCV000230267; Zygosity=Heterozygous (PubMed=25612765; PubMed=29444910; Cosmic-CLP=1298534; DepMap=ACH-000347).|Mutation; HGNC; HGNC:6407; KRAS; Simple; p.Gly12Val (c.35G>T); ClinVar=VCV000012583; Zygosity=Heterozygous (PubMed=21607521; PubMed=25612765; PubMed=29444910; Cosmic-CLP=1298534; DepMap=ACH-000347).|Mutation; HGNC; HGNC:11998; TP53; Simple; p.Pro98Leufs*25 (c.293delC); Zygosity=Heterozygous (PubMed=25612765; PubMed=29444910; Cosmic-CLP=1298534; DepMap=ACH-000347).,APC; KRAS; TP53,NCIt; C95595; Pancreatic somatostatinoma|ORDO; Orphanet_97283; Somatostatinoma,"In situ; Pancreas, islets of Langerhans; UBERON=UBERON_0000006.",Pancreatic delta cell; CL=CL_0000173.
RCH-ACV,RCHACV_HAEMATOPOIETIC_AND_LYMPHOID_TISSUE,Haematopoietic and Lymphoid Tissue,42,129c,NA,CVCL_1851,"Gene fusion; HGNC; HGNC:8632; PBX1 + HGNC; HGNC:11633; TCF3; Name(s)=TCF3-PBX1, E2A-PBX1 (PubMed=11843816; PubMed=35354797).|Mutation; HGNC; HGNC:3236; EGFR; Simple; p.Arg677Cys (c.2029C>T); ClinVar=VCV000950520; Zygosity=Heterozygous (Cosmic-CLP=1330994; DepMap=ACH-000922).|Mutation; HGNC; HGNC:5173; HRAS; Simple; p.Ala11Thr (c.31G>A); ClinVar=VCV000178860; Zygosity=Heterozygous (Cosmic-CLP=1330994; DepMap=ACH-000922).|Mutation; HGNC; HGNC:6407; KRAS; Simple; p.Val14Ile (c.40G>A); ClinVar=VCV000012589; Zygosity=Heterozygous (Cosmic-CLP=1330994; DepMap=ACH-000922).|Mutation; HGNC; HGNC:12766; NSD2; Simple; p.Glu1099Lys (c.3295G>A); ClinVar=VCV000638278; Zygosity=Heterozygous (PubMed=35124168).",PBX1; HGNC; EGFR; HRAS; KRAS; NSD2,NCIt; C9140; Childhood B acute lymphoblastic leukemia|NCIt; C80347; B acute lymphoblastic leukemia with t(1;19)(q23;p13.3) E2A-PBX1 (TCF3-PBX1)|ORDO; Orphanet_585956; B-lymphoblastic leukemia/lymphoma with t(1;19)(q23;p13.3),In situ; Bone marrow; UBERON=UBERON_0002371.,NA
RD,RD_SOFT_TISSUE,Soft Tissue,25,129n,NA,CVCL_1649,Mutation; HGNC; HGNC:7989; NRAS; Simple; p.Gln61His (c.183A>T); ClinVar=VCV000373003; Zygosity=Heterozygous (PubMed=3158613; PubMed=12068308; PubMed=16518851; PubMed=22142829; ATCC=CCL-136; Cosmic-CLP=909264; DepMap=ACH-000169).|Mutation; HGNC; HGNC:11998; TP53; Simple; p.Arg248Trp (c.742C>T); ClinVar=VCV000012347; Zygosity=Homozygous (PubMed=2216456; ATCC=CCL-136; Cosmic-CLP=909264; DepMap=ACH-000169).,NRAS; TP53,NCIt; C8971; Embryonal rhabdomyosarcoma|ORDO; Orphanet_99757; Embryonal rhabdomyosarcoma,"In situ; Pelvis, muscle; UBERON=UBERON_0001325.",NA
REC-1,REC1_HAEMATOPOIETIC_AND_LYMPHOID_TISSUE,Haematopoietic and Lymphoid Tissue,34,128n,NA,CVCL_1884,Gene deletion; HGNC; HGNC:1787; CDKN2A; Zygosity=Homozygous (PubMed=16448697).|Mutation; HGNC; HGNC:11998; TP53; Simple; p.Gly245Asp (c.734G>A); ClinVar=VCV000012355; Zygosity=Heterozygous (DepMap=ACH-000068).|Mutation; HGNC; HGNC:11998; TP53; Simple; p.Gln317Ter (c.949C>T); ClinVar=VCV000450344; Zygosity=Heterozygous (DepMap=ACH-000068).,CDKN2A; TP53,NCIt; C4337; Mantle cell lymphoma|ORDO; Orphanet_52416; Mantle cell lymphoma,In situ; Peripheral blood; UBERON=UBERON_0000178.,NA
Reh,REH_HAEMATOPOIETIC_AND_LYMPHOID_TISSUE,Haematopoietic and Lymphoid Tissue,30,130c,NA,CVCL_1650,"Gene fusion; HGNC; HGNC:3495; ETV6 + HGNC; HGNC:10471; RUNX1; Name(s)=ETV6-RUNX1, TEL-AML1 (PubMed=8704231; PubMed=9067587; PubMed=15843827; PubMed=35354797).|Mutation; HGNC; HGNC:7978; NR3C1; Simple; p.Gln527Ter (c.1579C>T) (p.Gln528Ter, c.1582C>T); Zygosity=Homozygous (PubMed=35124168).|Mutation; HGNC; HGNC:9588; PTEN; Simple; p.Arg173Cys (c.517C>T); ClinVar=VCV000189500; Zygosity=Homozygous (Cosmic-CLP=909696; DepMap=ACH-000960).|Mutation; HGNC; HGNC:11998; TP53; Simple; p.Arg181Cys (c.541C>T); ClinVar=VCV000142624; Zygosity=Heterozygous (Cosmic-CLP=909696; DepMap=ACH-000960).",ETV6; HGNC; NR3C1; PTEN; TP53,NCIt; C9140; Childhood B acute lymphoblastic leukemia|NCIt; C80334; B lymphoblastic leukemia/lymphoma with t(12;21)(p13.2;q22.1) ETV6-RUNX1|ORDO; Orphanet_585929; B-lymphoblastic leukemia/lymphoma with t(12;21)(p13.2;q22.1),In situ; Peripheral blood; UBERON=UBERON_0000178.,NA
RERF-LC-MS,RERFLCMS_LUNG,Lung,1,129c,NA,CVCL_1655,Mutation; HGNC; HGNC:11998; TP53; Simple; p.Arg248Leu (c.743G>T); ClinVar=VCV000230253; Zygosity=Unspecified (PubMed=10536175; PubMed=20557307).,TP53,NCIt; C3512; Lung adenocarcinoma,In situ; Lung; UBERON=UBERON_0002048.,NA
RERF-LC-Sq1,RERFLCSQ1_LUNG,Lung,16,130n,NA,CVCL_1656,Mutation; HGNC; HGNC:8975; PIK3CA; Simple; p.Glu545Lys (c.1633G>A); ClinVar=VCV000013655; Zygosity=Heterozygous (Cosmic-CLP=1298538; DepMap=ACH-000442).,PIK3CA,NCIt; C3493; Lung squamous cell carcinoma,In situ; Lung; UBERON=UBERON_0002048.,NA
RH-30,RH30_SOFT_TISSUE,Soft Tissue,35,128c,NA,CVCL_0041,"Gene fusion; HGNC; HGNC:3819; FOXO1 + HGNC; HGNC:8617; PAX3; Name(s)=PAX3-FOXO1, PAX3-FKHR (PubMed=8275086; PubMed=17471488; PubMed=23578105; PubMed=25485619; PubMed=25806826).|Mutation; HGNC; HGNC:9864; RARA; Simple; p.Pro9Leu (c.26C>T); Zygosity=Heterozygous (Cosmic-CLP=909716; DepMap=ACH-000833).|Mutation; HGNC; HGNC:11998; TP53; Simple; p.Tyr205Cys (c.614A>G); ClinVar=VCV000376681; Zygosity=Heterozygous (Cosmic-CLP=909716; DepMap=ACH-000833).|Mutation; HGNC; HGNC:11998; TP53; Simple; p.Arg273Cys (c.817C>T); ClinVar=VCV000043594; Zygosity=Heterozygous (PubMed=9802058; PubMed=19147553; PubMed=25749379; Cosmic-CLP=909716; DepMap=ACH-000833).|Mutation; HGNC; HGNC:11998; TP53; Simple; p.Arg280Ser (c.840A>T); ClinVar=VCV000988616; Zygosity=Heterozygous (Cosmic-CLP=909716; DepMap=ACH-000833).",FOXO1; HGNC; RARA; TP53,NCIt; C3749; Alveolar rhabdomyosarcoma|ORDO; Orphanet_99756; Alveolar rhabdomyosarcoma,Metastatic; Bone marrow; UBERON=UBERON_0002371.,NA
RH-41,RH41_SOFT_TISSUE,Soft Tissue,27,128n,NA,CVCL_2176,"Gene fusion; HGNC; HGNC:3819; FOXO1 + HGNC; HGNC:8617; PAX3; Name(s)=PAX3-FOXO1, PAX3-FKHR (PubMed=17471488).",FOXO1; HGNC,NCIt; C3749; Alveolar rhabdomyosarcoma|ORDO; Orphanet_99756; Alveolar rhabdomyosarcoma,Metastatic; Lung; UBERON=UBERON_0002048.,NA
RKO,RKO_LARGE_INTESTINE,Large Intestine,4,129n,NA,CVCL_0504,Mutation; HGNC; HGNC:173; ACVR2A; Simple; p.Lys437Argfs*5 (c.1310delA); dbSNP=rs764719749; Zygosity=Heterozygous (PubMed=12615714; Cosmic-CLP=909698; DepMap=ACH-000943).|Mutation; HGNC; HGNC:1097; BRAF; Simple; p.Val600Glu (c.1799T>A); ClinVar=VCV000013961; Zygosity=Heterozygous (PubMed=20570890; PubMed=24042735; PubMed=24755471; PubMed=28683746; ATCC=CRL-2577; Cosmic-CLP=909698; DepMap=ACH-000943).|Mutation; HGNC; HGNC:8975; PIK3CA; Simple; p.His1047Arg (c.3140A>G); ClinVar=VCV000013652; Zygosity=Heterozygous (PubMed=20570890; PubMed=24042735; PubMed=24755471; PubMed=28683746; Cosmic-CLP=909698; DepMap=ACH-000943).|Mutation; HGNC; HGNC:11773; TGFBR2; Simple; p.Lys128Serfs*35 (c.383delA); ClinVar=VCV000477546; Zygosity=Heterozygous (PubMed=12615714).|Mutation; HGNC; HGNC:11773; TGFBR2; Simple; p.Leu452Pro (c.1355T>C); ClinVar=VCV000930524; Zygosity=Heterozygous (PubMed=12615714).|Mutation; HGNC; HGNC:11998; TP53; None_reported; -; Zygosity=- (PubMed=2253215; PubMed=9715273; PubMed=16418264).,ACVR2A; BRAF; PIK3CA; TGFBR2; TP53,NCIt; C4910; Colon carcinoma,In situ; Colon; UBERON=UBERON_0001155.,NA
RL,RL_HAEMATOPOIETIC_AND_LYMPHOID_TISSUE,Haematopoietic and Lymphoid Tissue,40,129c,NA,CVCL_1660,Mutation; HGNC; HGNC:11998; TP53; Simple; p.Ala138Pro (c.412G>C); ClinVar=VCV000012376; Zygosity=Homozygous (PubMed=17363600; Cosmic-CLP=910861; DepMap=ACH-000371).,TP53,NCIt; C8851; Diffuse large B-cell lymphoma|ORDO; Orphanet_544; Diffuse large B-cell lymphoma,In situ; Ascites; UBERON=UBERON_0007795.,NA
RMUG-S,RMUGS_OVARY,Ovary,31,129n,NA,CVCL_3158,Mutation; HGNC; HGNC:11998; TP53; Simple; p.Ala347Val (c.1040C>T); ClinVar=VCV000422725; Zygosity=Homozygous (DepMap=ACH-000701).,TP53,NCIt; C4026; Ovarian mucinous cystadenocarcinoma|ORDO; Orphanet_398961; Mucinous adenocarcinoma of ovary,In situ; Ovary; UBERON=UBERON_0000992.,NA
RPMI-7951,RPMI7951_SKIN,Skin,1,129n,NA,CVCL_1666,Gene deletion; HGNC; HGNC:9588; PTEN; Zygosity=Homozygous (ATCC=HTB-66).|Mutation; HGNC; HGNC:1097; BRAF; Simple; p.Val600Glu (c.1799T>A); ClinVar=VCV000013961; Zygosity=Heterozygous (PubMed=12068308; PubMed=15467732; ATCC=HTB-66; Cosmic-CLP=910903; DepMap=ACH-000348).|Mutation; HGNC; HGNC:11730; TERT; Simple; c.242_243CC>TT (-138/-139CC>TT); Zygosity=Unspecified; Note=In promoter (PubMed=31068700).|Mutation; HGNC; HGNC:11998; TP53; Simple; p.Ser166Ter (c.497C>A); Zygosity=Homozygous (Cosmic-CLP=910903; DepMap=ACH-000348).,PTEN; BRAF; TERT; TP53,NCIt; C3224; Melanoma,Metastatic; Lymph node; UBERON=UBERON_0000029.,NA
RPMI 8226,RPMI8226_HAEMATOPOIETIC_AND_LYMPHOID_TISSUE,Haematopoietic and Lymphoid Tissue,35,129n,NA,CVCL_0014,Gene fusion; HGNC; HGNC:5722; IGKJ4 + HGNC; HGNC:5783; IGKV2-28; Name(s)=IGKV2-28-IGKJ4 (CelloPub=CLPUB00604).|Gene fusion; HGNC; HGNC:5865; IGLJ3 + HGNC; HGNC:5888; IGLV2-14; Name(s)=IGLV2-14-IGLJ3 (CelloPub=CLPUB00604).|Mutation; HGNC; HGNC:3236; EGFR; Simple; p.Thr751Ile (c.2252C>T); ClinVar=VCV000177773; Zygosity=Heterozygous (PubMed=17088437).|Mutation; HGNC; HGNC:6407; KRAS; Simple; p.Gly12Ala (c.35G>C); ClinVar=VCV000045122; Zygosity=Heterozygous (PubMed=11157491; PubMed=12068308; PubMed=17088437; PubMed=21173094; CelloPub=CLPUB00604).|Mutation; HGNC; HGNC:11998; TP53; Simple; p.Glu285Lys (c.853G>A); ClinVar=VCV000420133; Zygosity=Homozygous; Note=Temperature-sensitive (PubMed=1373872; PubMed=9331090; PubMed=17088437; PubMed=18277095; PubMed=21173094; CelloPub=CLPUB00604).|Mutation; HGNC; HGNC:12033; TRAF3; Simple; p.Lys191Leufs*60; Zygosity=Unspecified (PubMed=17692805).,IGKJ4; HGNC; IGLJ3; EGFR; KRAS; TP53; TRAF3,NCIt; C3242; Plasma cell myeloma|ORDO; Orphanet_29073; Multiple myeloma,In situ; Peripheral blood; UBERON=UBERON_0000178.,Plasma cell; CL=CL_0000786.
RT-112,RT112_URINARY_TRACT,Urinary Tract,9,130n,NA,CVCL_1670,Gene fusion; HGNC; HGNC:3690; FGFR3 + HGNC; HGNC:11524; TACC3; Name(s)=FGFR3-TACC3 (PubMed=25485619; PubMed=28855393).|Mutation; HGNC; HGNC:11730; TERT; Simple; c.1-124C>T (c.228C>T) (C228T); Zygosity=Unspecified; Note=In promoter (PubMed=24035680; PubMed=31068700).|Mutation; HGNC; HGNC:11998; TP53; Simple; p.Ser183Ter (c.548C>G); ClinVar=VCV000634701; Zygosity=Heterozygous (Cosmic-CLP=909704; DepMap=ACH-000473).|Mutation; HGNC; HGNC:11998; TP53; Simple; p.Arg248Gln (c.743G>A); ClinVar=VCV000012356; Zygosity=Heterozygous (Cosmic-CLP=909704; DepMap=ACH-000473).,FGFR3; HGNC; TERT; TP53,NCIt; C4912; Bladder carcinoma,In situ; Urinary bladder; UBERON=UBERON_0001255.,NA
RT4,RT4_URINARY_TRACT,Urinary Tract,37,129c,NA,CVCL_0036,Gene deletion; HGNC; HGNC:1787; CDKN2A; Zygosity=Homozygous (PubMed=9850064).|Gene fusion; HGNC; HGNC:3690; FGFR3 + HGNC; HGNC:11524; TACC3; Name(s)=FGFR3-TACC3 (PubMed=28855393).|Mutation; HGNC; HGNC:11730; TERT; Simple; c.1-124C>T (c.228C>T) (C228T); Zygosity=Unspecified; Note=In promoter (PubMed=24035680).|Mutation; HGNC; HGNC:11998; TP53; None_reported; -; Zygosity=- (PubMed=7787250).|Mutation; HGNC; HGNC:12362; TSC1; Simple; p.Leu557Cysfs*72 (c.1669delC); ClinVar=VCV000048811; Zygosity=Homozygous (PubMed=23401075; Cosmic-CLP=687455; DepMap=ACH-000242).,CDKN2A; FGFR3; HGNC; TERT; TP53; TSC1,NCIt; C4912; Bladder carcinoma,In situ; Urinary bladder; UBERON=UBERON_0001255.,NA
RVH-421,RVH421_SKIN,Skin,5,129c,NA,CVCL_1672,Mutation; HGNC; HGNC:1097; BRAF; Simple; p.Val600Glu (c.1799T>A); ClinVar=VCV000013961; Zygosity=Heterozygous (Cosmic-CLP=909706; DepMap=ACH-000614).|Mutation; HGNC; HGNC:11730; TERT; Simple; c.1-146C>T (c.250C>T) (C250T); Zygosity=Unspecified; Note=In promoter (PubMed=31068700).|Mutation; HGNC; HGNC:11998; TP53; Simple; p.Gln52fs*71 (c.154delC); Zygosity=Heterozygous (Cosmic-CLP=909706; DepMap=ACH-000614).,BRAF; TERT; TP53,NCIt; C3224; Melanoma,Metastatic; Brain; UBERON=UBERON_0000955.,NA
Saos-2,SAOS2_BONE,Bone,33,130n,NA,CVCL_0548,Gene deletion; HGNC; HGNC:11998; TP53; Zygosity=Homozygous (PubMed=2823272; PubMed=16888811; PubMed=19787792).,TP53,NCIt; C9145; Osteosarcoma|ORDO; Orphanet_668; Osteosarcoma,In situ; Bone; UBERON=UBERON_0002481.,NA
SBC-5,SBC5_LUNG,Lung,13,126,NA,CVCL_1679,Mutation; HGNC; HGNC:1787; CDKN2A; Simple; p.Val82_Glu88del (c.245_265del); Zygosity=Homozygous (PubMed=9673367; DepMap=ACH-000670).|Mutation; HGNC; HGNC:2901; DLG2; Unexplicit; Ex7-9del; Zygosity=Homozygous (PubMed=20215515).|Mutation; HGNC; HGNC:11100; SMARCA4; Simple; p.Ala1245Leufs*13 (c.3733_3734del); Zygosity=Homozygous (DepMap=ACH-000670).|Mutation; HGNC; HGNC:11998; TP53; Simple; p.Arg248Leu (c.743G>T); ClinVar=VCV000230253; Zygosity=Homozygous (PubMed=8263009; PubMed=10536175; Cosmic-CLP=713880; DepMap=ACH-000670).,CDKN2A; DLG2; SMARCA4; TP53,NCIt; C183115; Thoracic SMARCA4-deficient undifferentiated tumor,Metastatic; Pleural effusion; UBERON=UBERON_0000175.,NA
SCC-25,SCC25_UPPER_AERODIGESTIVE_TRACT,Upper Aerodigestive Tract,37,129n,NA,CVCL_1682,Mutation; HGNC; HGNC:11998; TP53; Simple; p.Arg209Lysfs*6 (c.626_627delGA); ClinVar=VCV000372539; Zygosity=Heterozygous (Cosmic-CLP=910701; DepMap=ACH-000188).,TP53,NCIt; C4648; Tongue squamous cell carcinoma|ORDO; Orphanet_457252; Squamous cell carcinoma of the oral tongue,"In situ; Oral cavity, tongue; UBERON=UBERON_0001723.",NA
SEM,SEM_HAEMATOPOIETIC_AND_LYMPHOID_TISSUE,Haematopoietic and Lymphoid Tissue,25,129c,NA,CVCL_0095,"Gene fusion; HGNC; HGNC:7135; AFF1 + HGNC; HGNC:7132; KMT2A; Name(s)=KMT2A-AFF1, MLL-AFF1, ALL-1/AF4 (PubMed=14671638; PubMed=35354797).|Mutation; HGNC; HGNC:1787; CDKN2A; Simple; p.His83Tyr (c.247C>T) (p.Ala97Val, c.290C>T); ClinVar=VCV000376307; Zygosity=Heterozygous (DepMap=ACH-000782).|Mutation; HGNC; HGNC:11998; TP53; Simple; p.Arg248Gln (c.743G>A); ClinVar=VCV000012356; Zygosity=Heterozygous (DepMap=ACH-000782).",AFF1; HGNC; CDKN2A; TP53,NCIt; C9140; Childhood B acute lymphoblastic leukemia|NCIt; C80342; B acute lymphoblastic leukemia with t(v;11q23.3) MLL rearranged|ORDO; Orphanet_585918; B-lymphoblastic leukemia/lymphoma with t(v;11q23.3),In situ; Peripheral blood; UBERON=UBERON_0000178.,NA
SF-295,SF295_CENTRAL_NERVOUS_SYSTEM,Central Nervous System,23,130n,NA,CVCL_1690,Mutation; HGNC; HGNC:9588; PTEN; Simple; p.Arg233Ter (c.697C>T); ClinVar=VCV000007813; Zygosity=Homozygous (PubMed=17088437).|Mutation; HGNC; HGNC:11730; TERT; Simple; c.1-124C>T (c.228C>T) (C228T); Zygosity=Unspecified; Note=In promoter (PubMed=31068700).|Mutation; HGNC; HGNC:11998; TP53; Simple; p.Arg248Gln (c.743G>A); ClinVar=VCV000012356; Zygosity=Homozygous (PubMed=9331090; PubMed=15900046; PubMed=17088437; PubMed=18277095).,PTEN; TERT; TP53,NCIt; C3058; Glioblastoma|ORDO; Orphanet_360; Glioblastoma,"In situ; Brain, left temporal lobe; UBERON=UBERON_0002808.",NA
SH-4,SH4_SKIN,Skin,1,127n,NA,CVCL_1692,Mutation; HGNC; HGNC:1097; BRAF; Simple; p.Val600Glu (c.1799T>A); ClinVar=VCV000013961; Zygosity=Homozygous (PubMed=12068308; Cosmic-CLP=909713; DepMap=ACH-000441).,BRAF,NCIt; C3224; Melanoma,Metastatic; Pleural effusion; UBERON=UBERON_0000175.,NA
SHP-77,SHP77_LUNG,Lung,25,130n,NA,CVCL_1693,Mutation; HGNC; HGNC:76; ABL1; Simple; p.Val1128Glu (c.3383T>A); Zygosity=Heterozygous (Cosmic-CLP=724872; DepMap=ACH-000790).|Mutation; HGNC; HGNC:6407; KRAS; Simple; p.Gly12Val (c.35G>T); ClinVar=VCV000012583; Zygosity=Homozygous (PubMed=12068308; Cosmic-CLP=724872; DepMap=ACH-000790).|Mutation; HGNC; HGNC:9801; RAC1; Simple; p.Tyr32Cys (c.95A>G); Zygosity=Heterozygous (Cosmic-CLP=724872; DepMap=ACH-000790).|Mutation; HGNC; HGNC:11998; TP53; Simple; p.Cys176Trp (c.528C>G); ClinVar=VCV000376572; Zygosity=Homozygous (Cosmic-CLP=724872; DepMap=ACH-000790).,ABL1; KRAS; RAC1; TP53,NCIt; C4917; Lung small cell carcinoma|ORDO; Orphanet_70573; Small cell lung cancer,"In situ; Lung, left upper lobe; UBERON=UBERON_0008952.",NA
SJSA-1,SJSA1_BONE,Bone,35,129c,NA,CVCL_1697,Gene deletion; HGNC; HGNC:1787; CDKN2A; Zygosity=Hemizygous (PubMed=19787792).|Mutation; HGNC; HGNC:6407; KRAS; Simple; p.Gln61His (c.183A>T); ClinVar=VCV000045117; Zygosity=Heterozygous (Cosmic-CLP=909717; DepMap=ACH-000748).|Mutation; HGNC; HGNC:7989; NRAS; Simple; p.Gln61Lys (c.181C>A); ClinVar=VCV000073058; Zygosity=Heterozygous (Cosmic-CLP=909717; DepMap=ACH-000748).|Mutation; HGNC; HGNC:11998; TP53; None_reported; -; Zygosity=- (PubMed=19787792).,CDKN2A; KRAS; NRAS; TP53,NCIt; C9145; Osteosarcoma|ORDO; Orphanet_668; Osteosarcoma,"In situ; Bone, femur; UBERON=UBERON_0000981.",NA
SK-CO-1,SKCO1_LARGE_INTESTINE,Large Intestine,26,130n,NA,CVCL_0626,Mutation; HGNC; HGNC:583; APC; Simple; p.Phe1089fs*37 (c.3266delT); Zygosity=Heterozygous (ATCC=HTB-39; Cosmic-CLP=909718; DepMap=ACH-000400).|Mutation; HGNC; HGNC:583; APC; Simple; p.Pro1443fs*30 (c.4328delC); Zygosity=Heterozygous (ATCC=HTB-39; Cosmic-CLP=909718; DepMap=ACH-000400).|Mutation; HGNC; HGNC:4392; GNAS; Simple; p.Arg201Cys (c.601C>T); ClinVar=VCV000015933; Zygosity=Heterozygous (Cosmic-CLP=909718; DepMap=ACH-000400).|Mutation; HGNC; HGNC:6407; KRAS; Simple; p.Gly12Val (c.35G>T); ClinVar=VCV000012583; Zygosity=Heterozygous (PubMed=12068308; PubMed=20570890; Cosmic-CLP=909718; DepMap=ACH-000400).|Mutation; HGNC; HGNC:11998; TP53; None_reported; -; Zygosity=- (PubMed=16418264).,APC; GNAS; KRAS; TP53,NCIt; C4349; Colon adenocarcinoma,Metastatic; Ascites; UBERON=UBERON_0007795.,NA
SK-ES-1,SKES1_BONE,Bone,32,129c,NA,CVCL_0627,"Gene deletion; HGNC; HGNC:1787; CDKN2A; Zygosity=Homozygous (PubMed=18160777; PubMed=19787792).|Gene fusion; HGNC; HGNC:3508; EWSR1 + HGNC; HGNC:3749; FLI1; Name(s)=EWSR1-FLI1, EWS-FLI1; Note=Type 2 fusion (Ex7/Ex5) (PubMed=8040301; PubMed=9738976; PubMed=11423975; PubMed=11891184; PubMed=25010205; PubMed=36476851).|Mutation; HGNC; HGNC:11355; STAG2; Simple; p.Gln735Ter (c.2203C>T); Zygosity=Unspecified (PubMed=25010205; PubMed=25223734).|Mutation; HGNC; HGNC:11998; TP53; Simple; p.Cys176Phe (c.527G>T); ClinVar=VCV000376569; Zygosity=Unspecified (PubMed=8221663; PubMed=8378080; PubMed=19787792; PubMed=25010205; PubMed=25223734; PubMed=26428435).",CDKN2A; EWSR1; HGNC; STAG2; TP53,NCIt; C4817; Ewing sarcoma|ORDO; Orphanet_319; Ewing sarcoma,NA,NA
SK-HEP-1,SKHEP1_LIVER,Liver,2,127c,NA,CVCL_0525,Gene deletion; HGNC; HGNC:1787; CDKN2A; Zygosity=Homozygous (ATCC=HTB-52).|Mutation; HGNC; HGNC:1097; BRAF; Simple; p.Val600Glu (c.1799T>A); ClinVar=VCV000013961; Zygosity=Heterozygous (PubMed=12068308; ATCC=HTB-52; Cosmic-CLP=909719; DepMap=ACH-000361).,CDKN2A; BRAF,NCIt; C7106; Liver and intrahepatic bile duct epithelial neoplasm,Metastatic; Ascites; UBERON=UBERON_0007795.,Endothelial cell; CL=CL_0000115.
SK-LU-1,SKLU1_LUNG,Lung,42,126,NA,CVCL_0629,Mutation; HGNC; HGNC:11110; ARID1A; Simple; p.Asn1253fs*16 (c.3753delC); Zygosity=Heterozygous (Cosmic-CLP=909721; DepMap=ACH-000309).|Mutation; HGNC; HGNC:6407; KRAS; Simple; p.Gly12Asp (c.35G>A); ClinVar=VCV000012582; Zygosity=Heterozygous (PubMed=1855224; PubMed=12068308; PubMed=12794755; Cosmic-CLP=909721; DepMap=ACH-000309).|Mutation; HGNC; HGNC:11998; TP53; Simple; p.His193Arg (c.578A>G); ClinVar=VCV000184979; Zygosity=Homozygous (PubMed=1855224; PubMed=12794755; Cosmic-CLP=909721; DepMap=ACH-000309).,ARID1A; KRAS; TP53,NCIt; C3512; Lung adenocarcinoma,In situ; Lung; UBERON=UBERON_0002048.,NA
SK-MEL-2,SKMEL2_SKIN,Skin,5,127c,NA,CVCL_0069,Mutation; HGNC; HGNC:7989; NRAS; Simple; p.Gln61Arg (c.182A>G); ClinVar=VCV000013900; Zygosity=Homozygous (PubMed=12068308; PubMed=15467732; PubMed=17088437; PubMed=21725359; PubMed=24576830; PubMed=25728708; PubMed=27533468).|Mutation; HGNC; HGNC:11730; TERT; Simple; c.1-146C>T (c.250C>T) (C250T); Zygosity=Unspecified; Note=In promoter (PubMed=31068700).|Mutation; HGNC; HGNC:11998; TP53; Simple; p.Gly245Ser (c.733G>A); ClinVar=VCV000012365; Zygosity=Heterozygous (PubMed=9331090; PubMed=17088437; PubMed=18277095; PubMed=21912889; PubMed=27533468).,NRAS; TERT; TP53,NCIt; C3224; Melanoma,"Metastatic; Thigh, skin; UBERON=UBERON_0004262.",NA
SK-MEL-28,SKMEL28_SKIN,Skin,6,129c,NA,CVCL_0526,Mutation; HGNC; HGNC:1097; BRAF; Simple; p.Val600Glu (c.1799T>A); ClinVar=VCV000013961; Zygosity=Homozygous (PubMed=12068308; PubMed=15467732; PubMed=17088437; PubMed=17260012; PubMed=17363583; PubMed=19799798; PubMed=24576830; PubMed=26405815; PubMed=29492214; Cosmic-CLP=905954; DepMap=ACH-000615).|Mutation; HGNC; HGNC:1773; CDK4; Simple; p.Arg24Cys (c.70C>T); ClinVar=VCV000016928; Zygosity=Heterozygous (PubMed=9598804; Cosmic-CLP=905954; DepMap=ACH-000615).|Mutation; HGNC; HGNC:3236; EGFR; Simple; p.Pro753Ser (c.2257C>T); ClinVar=VCV000376081; Zygosity=Homozygous (PubMed=17088437; Cosmic-CLP=905954; DepMap=ACH-000615).|Mutation; HGNC; HGNC:9588; PTEN; Simple; p.Thr167Ala (c.499A>G); ClinVar=VCV001686107; Zygosity=Homozygous (PubMed=10766161; PubMed=17260012; PubMed=17363583; Cosmic-CLP=905954; DepMap=ACH-000615).|Mutation; HGNC; HGNC:11730; TERT; Simple; c.-57A>C (c.161A>C) (A161C); ClinVar=VCV000242210; Zygosity=Unspecified; Note=In promoter (PubMed=31068700).|Mutation; HGNC; HGNC:11998; TP53; Simple; p.Leu145Arg (c.434T>G); ClinVar=VCV001027110; Zygosity=Homozygous (PubMed=17088437; PubMed=17260012; PubMed=18277095; Cosmic-CLP=905954; DepMap=ACH-000615).,BRAF; CDK4; EGFR; PTEN; TERT; TP53,NCIt; C3510; Cutaneous melanoma,In situ; Skin; UBERON=UBERON_0002097.,Melanocyte of skin; CL=CL_1000458.
SK-MEL-3,SKMEL3_SKIN,Skin,4,130c,NA,CVCL_0550,Mutation; HGNC; HGNC:1097; BRAF; Simple; p.Val600Glu (c.1799T>A); ClinVar=VCV000013961; Zygosity=Heterozygous (PubMed=12068308; PubMed=17260012; ATCC=HTB-69; Cosmic-CLP=909724; DepMap=ACH-000423).|Mutation; HGNC; HGNC:11998; TP53; Simple; p.Arg267Trp (c.799C>T); ClinVar=VCV000141764; Zygosity=Homozygous (PubMed=17260012; ATCC=HTB-69; Cosmic-CLP=909724; DepMap=ACH-000423).,BRAF; TP53,NCIt; C3510; Cutaneous melanoma,Metastatic; Lymph node; UBERON=UBERON_0000029.,NA
SK-MEL-30,SKMEL30_SKIN,Skin,22,130n,NA,CVCL_0039,"Gene deletion; HGNC; HGNC:1788; CDKN2B; Zygosity=Heterozygous (PubMed=9598804).|Mutation; HGNC; HGNC:583; APC; Simple; p.Gly1339Arg (c.4015G>C); ClinVar=VCV000233611; Zygosity=Heterozygous (Cosmic-CLP=909726; DepMap=ACH-000810).|Mutation; HGNC; HGNC:583; APC; Simple; p.Gln1406Ter (c.4216C>T); ClinVar=VCV000142519; Zygosity=Heterozygous (Cosmic-CLP=909726; DepMap=ACH-000810).|Mutation; HGNC; HGNC:1787; CDKN2A; Simple; p.Pro114Leu (c.341C>T) (p.Ala128Ala, c.384C>T); ClinVar=VCV000077637; Zygosity=Homozygous (PubMed=9598804; Cosmic-CLP=909726; DepMap=ACH-000810).|Mutation; HGNC; HGNC:7989; NRAS; Simple; p.Gln61Lys (c.181C>A); ClinVar=VCV000073058; Zygosity=Heterozygous (PubMed=10766161; PubMed=15009714; PubMed=21725359; PubMed=24576830; Cosmic-CLP=909726; DepMap=ACH-000810).|Mutation; HGNC; HGNC:11730; TERT; Simple; c.1-124C>T (c.228C>T) (C228T); Zygosity=Unspecified; Note=In promoter (PubMed=31068700).|Mutation; HGNC; HGNC:11998; TP53; Simple; p.Thr284Argfs*21 (c.851_852delCA) (p.R283fs, c.849_850del2); Zygosity=Heterozygous (Cosmic-CLP=909726; DepMap=ACH-000810).",CDKN2B; APC; CDKN2A; NRAS; TERT; TP53,NCIt; C3510; Cutaneous melanoma,NA,NA
SK-MEL-5,SKMEL5_SKIN,Skin,23,130c,NA,CVCL_0527,Gene deletion; HGNC; HGNC:1787; CDKN2A; Zygosity=Homozygous (PubMed=7747814; PubMed=17363583).|Mutation; HGNC; HGNC:1097; BRAF; Simple; p.Val600Glu (c.1799T>A); ClinVar=VCV000013961; Zygosity=Heterozygous (PubMed=15467732; PubMed=17088437; PubMed=17363583; PubMed=24576830; Cosmic-CLP=905956; DepMap=ACH-000730).|Mutation; HGNC; HGNC:11730; TERT; Simple; c.242_243CC>TT (-138/-139CC>TT); Zygosity=Unspecified; Note=In promoter (PubMed=31068700).|Mutation; HGNC; HGNC:11998; TP53; None_reported; -; Zygosity=- (Cosmic-CLP=905956; DepMap=ACH-000730).,CDKN2A; BRAF; TERT; TP53,NCIt; C3510; Cutaneous melanoma,Metastatic; Axillary lymph node; UBERON=UBERON_0001097.,NA
SK-N-AS,SKNAS_AUTONOMIC_GANGLIA,Autonomic Ganglia,38,130c,NA,CVCL_1700,Mutation; HGNC; HGNC:7989; NRAS; Simple; p.Gln61Lys (c.181C>A); ClinVar=VCV000073058; Zygosity=Heterozygous (PubMed=12068308; Cosmic-CLP=724828; DepMap=ACH-000260).,NRAS,NCIt; C3270; Neuroblastoma|ORDO; Orphanet_635; Neuroblastoma,Metastatic; Bone marrow; UBERON=UBERON_0002371.,NA
SK-N-MC,SKNMC_BONE,Bone,36,130c,NA,CVCL_0530,"Gene fusion; HGNC; HGNC:3508; EWSR1 + HGNC; HGNC:3749; FLI1; Name(s)=EWSR1-FLI1, EWS-FLI1; Note=Type 1 fusion (Ex7/Ex6) (PubMed=7591257; PubMed=8040301; PubMed=25010205; PubMed=36476851).|Mutation; HGNC; HGNC:11998; TP53; Simple; c.170_572del; Zygosity=Unspecified (PubMed=19787792; PubMed=26428435).",EWSR1; HGNC; TP53,NCIt; C7542; Askin tumor|ORDO; Orphanet_370348; Peripheral primitive neuroectodermal tumor,Metastatic; Orbital region; UBERON=UBERON_0004088.,NA
SNB-19,SNB19_CENTRAL_NERVOUS_SYSTEM,Central Nervous System,32,130n,NA,CVCL_0535,Mutation; HGNC; HGNC:9588; PTEN; Simple; p.Glu242Valfs*15 (c.723_724dupTG); ClinVar=VCV000536553; Zygosity=Homozygous (PubMed=17088437).|Mutation; HGNC; HGNC:11730; TERT; Simple; c.1-124C>T (c.228C>T) (C228T); Zygosity=Unspecified; Note=In promoter (from parent cell line).|Mutation; HGNC; HGNC:11998; TP53; Simple; p.Arg273His (c.818G>A); ClinVar=VCV000012366; Zygosity=Homozygous (PubMed=9331090; PubMed=17088437).,PTEN; TERT; TP53,NCIt; C60781; Astrocytoma|ORDO; Orphanet_94; Astrocytoma,"In situ; Brain, parietal lobe; UBERON=UBERON_0001872.",NA
SNG-M,SNGM_ENDOMETRIUM,Endometrium,42,127c,NA,CVCL_1707,Mutation; HGNC; HGNC:914; B2M; Simple; p.Tyr46fs*10 (c.136_137delTA); Zygosity=Heterozygous (Cosmic-CLP=909735; DepMap=ACH-000974).|Mutation; HGNC; HGNC:914; B2M; Simple; p.Thr93fs*2 (c.276_277insC); Zygosity=Heterozygous (Cosmic-CLP=909735; DepMap=ACH-000974).|Mutation; HGNC; HGNC:6407; KRAS; Simple; p.Gly12Val (c.35G>T); ClinVar=VCV000012583; Zygosity=Heterozygous (Cosmic-CLP=909735; DepMap=ACH-000974).|Mutation; HGNC; HGNC:8975; PIK3CA; Simple; p.Arg88Gln (c.263G>A); ClinVar=VCV000376049; Zygosity=Heterozygous (Cosmic-CLP=909735; DepMap=ACH-000974).,B2M; KRAS; PIK3CA,NCIt; C7359; Endometrial adenocarcinoma,Metastatic; Obturator lymph node; UBERON=UBERON_0035171.,NA
SNU-1,SNU1_STOMACH,Stomach,20,129n,NA,CVCL_0099,Mutation; HGNC; HGNC:795; ATM; Simple; p.Leu1154fs*12 (c.3457_3458insT); Zygosity=Heterozygous (Cosmic-CLP=908444; DepMap=ACH-000932).|Mutation; HGNC; HGNC:6190; JAK1; Simple; p.Lys860Asnfs*16 (c.2580delA); Zygosity=Heterozygous (Cosmic-CLP=908444; DepMap=ACH-000932).|Mutation; HGNC; HGNC:6407; KRAS; Simple; p.Gly12Asp (c.35G>A); ClinVar=VCV000012582; Zygosity=Heterozygous (PubMed=12068308; DepMap=ACH-000932).|Mutation; HGNC; HGNC:11998; TP53; None_reported; -; Zygosity=- (PubMed=1676761).,ATM; JAK1; KRAS; TP53,NCIt; C4004; Gastric adenocarcinoma,In situ; Stomach; UBERON=UBERON_0000945.,NA
SNU-1079,SNU1079_BILIARY_TRACT,Biliary Tract,42,130c,NA,CVCL_5008,Mutation; HGNC; HGNC:5382; IDH1; Simple; p.Arg132Cys (c.394C>T); ClinVar=VCV000375891; Zygosity=Heterozygous (PubMed=27231123; DepMap=ACH-000209).,IDH1,NCIt; C35417; Intrahepatic cholangiocarcinoma|ORDO; Orphanet_70567; Cholangiocarcinoma,"In situ; Liver, intrahepatic bile duct; UBERON=UBERON_0003704.",NA
SNU-1105,SNU1105_CENTRAL_NERVOUS_SYSTEM,Central Nervous System,31,129c,NA,CVCL_5010,Mutation; HGNC; HGNC:11998; TP53; Simple; p.Arg158Gly (c.472C>G); ClinVar=VCV000856171; Zygosity=Homozygous (DepMap=ACH-000368).,TP53,NCIt; C3058; Glioblastoma|ORDO; Orphanet_360; Glioblastoma,In situ; Brain; UBERON=UBERON_0000955.,NA
SNU-423,SNU423_LIVER,Liver,42,130n,NA,CVCL_0366,Mutation; HGNC; HGNC:11730; TERT; Simple; c.1-124C>T (c.228C>T) (C228T); Zygosity=Unspecified; Note=In promoter (PubMed=31068700; PubMed=31378681).|Mutation; HGNC; HGNC:11998; TP53; Simple; c.376-2A>G; ClinVar=VCV000186236; Zygosity=Unspecified; Note=Splice acceptor mutation (PubMed=8824565; PubMed=31378681; DepMap=ACH-000493).,TERT; TP53,NCIt; C7956; Adult hepatocellular carcinoma|ORDO; Orphanet_210159; Adult hepatocellular carcinoma,In situ; Liver; UBERON=UBERON_0002107.,NA
SNU-449,SNU449_LIVER,Liver,39,130c,NA,CVCL_0454,Mutation; HGNC; HGNC:11110; ARID1A; Simple; p.Glu2250Argfs*28 (c.6747dupA); Zygosity=Unspecified (PubMed=31378681).|Mutation; HGNC; HGNC:903; AXIN1; Simple; p.Arg712Ter (c.2134C>T); Zygosity=Homozygous (PubMed=31378681; DepMap=ACH-000420).|Mutation; HGNC; HGNC:11998; TP53; Simple; p.Lys139Arg (c.416A>G); ClinVar=VCV001500748; Zygosity=Unspecified (PubMed=8824565).|Mutation; HGNC; HGNC:11998; TP53; Simple; p.Ala161Thr (c.481G>A); ClinVar=VCV000161518; Zygosity=Homozygous (PubMed=8824565; DepMap=ACH-000420).,ARID1A; AXIN1; TP53,NCIt; C7956; Adult hepatocellular carcinoma|ORDO; Orphanet_210159; Adult hepatocellular carcinoma,In situ; Liver; UBERON=UBERON_0002107.,NA
SNU-685,SNU685_ENDOMETRIUM,Endometrium,33,129n,NA,CVCL_5083,Mutation; HGNC; HGNC:11998; TP53; Simple; c.919+1G>T (IVS8+1G>T); ClinVar=VCV000495326; Zygosity=Homozygous; Note=Splice donor mutation (DepMap=ACH-000407).,TP53,NCIt; C42700; Uterine carcinosarcoma|ORDO; Orphanet_213610; Carcinosarcoma of the corpus uteri,In situ; Endometrium; UBERON=UBERON_0001295.,NA
SNU-719,SNU719_STOMACH,Stomach,29,127n,NA,CVCL_5086,Mutation; HGNC; HGNC:2514; CTNNB1; Simple; p.Gly34Val (c.101G>T); ClinVar=VCV000017582; Zygosity=Heterozygous (DepMap=ACH-000898).|Mutation; HGNC; HGNC:7029; MET; Simple; p.Asp153Ala (c.458A>C); Zygosity=Heterozygous (PubMed=29435981; DepMap=ACH-000898).|Mutation; HGNC; HGNC:7989; NRAS; Simple; p.Gln61Leu (c.182A>T); ClinVar=VCV000375874; Zygosity=Homozygous (DepMap=ACH-000898).|Mutation; HGNC; HGNC:8975; PIK3CA; Simple; p.Pro104Arg (c.311C>G); ClinVar=VCV001480334; Zygosity=Heterozygous (DepMap=ACH-000898).|Mutation; HGNC; HGNC:667; RHOA; Simple; p.Ala61Val (c.182C>T); Zygosity=Heterozygous (PubMed=34466148; DepMap=ACH-000898).|Mutation; HGNC; HGNC:11998; TP53; None_reported; -; Zygosity=- (PubMed=9033653).,CTNNB1; MET; NRAS; PIK3CA; RHOA; TP53,NCIt; C5473; Gastric tubular adenocarcinoma,In situ; Stomach; UBERON=UBERON_0000945.,NA
SNU-C1,SNUC1_LARGE_INTESTINE,Large Intestine,19,130c,NA,CVCL_1708,Gene fusion; HGNC; HGNC:17581; APIP + HGNC; HGNC:10940; SLC1A2; Name(s)=APIP-SLC1A2; Note=In frame (PubMed=23637631).|Mutation; HGNC; HGNC:11998; TP53; Simple; p.Ser166Ter (c.497C>A); Zygosity=Homozygous (Cosmic-CLP=910905; DepMap=ACH-000722).,APIP; HGNC; TP53,NCIt; C4349; Colon adenocarcinoma,Metastatic; Peritoneum; UBERON=UBERON_0002358.,NA
SNU-C2A,SNUC2A_LARGE_INTESTINE,Large Intestine,17,130n,NA,CVCL_1709,Mutation; HGNC; HGNC:6407; KRAS; Simple; p.Gly12Asp (c.35G>A); ClinVar=VCV000012582; Zygosity=Heterozygous (DepMap=ACH-000967).|Mutation; HGNC; HGNC:11998; TP53; Simple; p.Arg273Cys (c.817C>T); ClinVar=VCV000043594; Zygosity=Heterozygous (DepMap=ACH-000967).|Mutation; HGNC; HGNC:11998; TP53; Simple; p.Arg273His (c.818G>A); ClinVar=VCV000012366; Zygosity=Heterozygous (DepMap=ACH-000967).,KRAS; TP53,NCIt; C5543; Cecum adenocarcinoma,In situ; Cecum; UBERON=UBERON_0001153.,NA
SNU-C5,SNUC5_LARGE_INTESTINE,Large Intestine,40,130n,NA,CVCL_5112,Mutation; HGNC; HGNC:1097; BRAF; Simple; p.Val600Glu (c.1799T>A); ClinVar=VCV000013961; Zygosity=Heterozygous (Cosmic-CLP=1674021; DepMap=ACH-000970).|Mutation; HGNC; HGNC:8975; PIK3CA; Simple; p.His1047Arg (c.3140A>G); ClinVar=VCV000013652; Zygosity=Heterozygous (Cosmic-CLP=1674021; DepMap=ACH-000970).|Mutation; HGNC; HGNC:11998; TP53; Simple; p.Val218Leu (c.652G>T); Zygosity=Heterozygous (PubMed=8556707; Cosmic-CLP=1674021; DepMap=ACH-000970).|Mutation; HGNC; HGNC:11998; TP53; Simple; p.Arg248Trp (c.742C>T); ClinVar=VCV000012347; Zygosity=Heterozygous (PubMed=8556707; Cosmic-CLP=1674021; DepMap=ACH-000970).,BRAF; PIK3CA; TP53,NCIt; C5543; Cecum adenocarcinoma,In situ; Cecum; UBERON=UBERON_0001153.,NA
SNU119,SNU119_OVARY,Ovary,13,129c,NA,CVCL_5014,Mutation; HGNC; HGNC:11998; TP53; Simple; p.Pro151Ala (c.451C>G); ClinVar=VCV000376641; Zygosity=Homozygous (PubMed=9299249; DepMap=ACH-000635).,TP53,NCIt; C105555; High grade ovarian serous adenocarcinoma,Metastatic; Ascites; UBERON=UBERON_0007795.,NA
SNU61,SNU61_LARGE_INTESTINE,Large Intestine,12,130c,NA,CVCL_5078,Mutation; HGNC; HGNC:583; APC; Simple; p.Arg1450Ter (c.4348C>T); ClinVar=VCV000194585; Zygosity=Homozygous (Cosmic-CLP=1660035; DepMap=ACH-000532).|Mutation; HGNC; HGNC:6407; KRAS; Simple; p.Gly12Asp (c.35G>A); ClinVar=VCV000012582; Zygosity=Heterozygous (PubMed=10362137; Cosmic-CLP=1660035; DepMap=ACH-000532).|Mutation; HGNC; HGNC:11998; TP53; Simple; p.Arg175His (c.524G>A); ClinVar=VCV000012374; Zygosity=Homozygous (PubMed=10362137; Cosmic-CLP=1660035; DepMap=ACH-000532).,APC; KRAS; TP53,NCIt; C9383; Rectal adenocarcinoma,Metastatic; Liver; UBERON=UBERON_0002107.,NA
Sq-1,SQ1_LUNG,Lung,14,129n,NA,CVCL_4900,Mutation; HGNC; HGNC:3236; EGFR; Simple; p.Leu858Arg (c.2573T>G); ClinVar=VCV000016609; Zygosity=Heterozygous; Note=In 10% of cells (PubMed=16105816).|Mutation; HGNC; HGNC:11998; TP53; Simple; c.375+2T>C (IVS4+2T>C); ClinVar=VCV000439316; Zygosity=Heterozygous; Note=Splice donor mutation (PubMed=20557307; DepMap=ACH-000553).,EGFR; TP53,NCIt; C3493; Lung squamous cell carcinoma,NA,NA
SU-DHL-4,SUDHL4_HAEMATOPOIETIC_AND_LYMPHOID_TISSUE,Haematopoietic and Lymphoid Tissue,26,130c,NA,CVCL_0539,Gene fusion; HGNC; HGNC:990; BCL2 + HGNC; HGNC:5477; IGH; Name(s)=IGH-BCL2 (PubMed=2875799).|Mutation; HGNC; HGNC:3527; EZH2; Simple; p.Tyr646Ser (c.1937A>C) (Y641S); ClinVar=VCV000376218; Zygosity=Heterozygous (Cosmic-CLP=1331035; DepMap=ACH-000365).|Mutation; HGNC; HGNC:3527; EZH2; Simple; p.Tyr666Asn (c.1996T>A) (Y661N); Zygosity=Heterozygous (Cosmic-CLP=1331035; DepMap=ACH-000365).|Mutation; HGNC; HGNC:11998; TP53; Simple; p.Arg273Cys (c.817C>T); ClinVar=VCV000043594; Zygosity=Homozygous (PubMed=17363600; Cosmic-CLP=1331035; DepMap=ACH-000365).,BCL2; HGNC; EZH2; TP53,NCIt; C36080; Diffuse large B-cell lymphoma germinal center B-cell type|ORDO; Orphanet_544; Diffuse large B-cell lymphoma,In situ; Peritoneal effusion; UBERON=UBERON_0001268.,NA
SU-DHL-6,SUDHL6_HAEMATOPOIETIC_AND_LYMPHOID_TISSUE,Haematopoietic and Lymphoid Tissue,40,130c,NA,CVCL_2206,Gene fusion; HGNC; HGNC:990; BCL2 + HGNC; HGNC:5477; IGH; Name(s)=IGH-BCL2 (DSMZ=ACC-572).|Mutation; HGNC; HGNC:3527; EZH2; Simple; p.Tyr646Ser (c.1937A>C) (Y641S); ClinVar=VCV000376218; Zygosity=Heterozygous (Cosmic-CLP=1331037; DepMap=ACH-000611).|Mutation; HGNC; HGNC:7133; KMT2D; Simple; p.Gln211Ter (c.631C>T); Zygosity=Heterozygous (Cosmic-CLP=1331037; DepMap=ACH-000611).|Mutation; HGNC; HGNC:7133; KMT2D; Simple; p.Glu4712Ter (c.14134G>T); Zygosity=Heterozygous (Cosmic-CLP=1331037; DepMap=ACH-000611).|Mutation; HGNC; HGNC:11998; TP53; Simple; c.673-2A>C (IVS6-2A>C); ClinVar=VCV000635387; Zygosity=Heterozygous; Note=Splice acceptor mutation (Cosmic-CLP=1331037; DepMap=ACH-000611).|Mutation; HGNC; HGNC:11998; TP53; Simple; p.Tyr234Cys (c.701A>G); ClinVar=VCV000127820; Zygosity=Heterozygous (Cosmic-CLP=1331037; DepMap=ACH-000611).,BCL2; HGNC; EZH2; KMT2D; TP53,NCIt; C36080; Diffuse large B-cell lymphoma germinal center B-cell type|ORDO; Orphanet_544; Diffuse large B-cell lymphoma,In situ; Peritoneal effusion; UBERON=UBERON_0001268.,NA
SU8686,SU8686_PANCREAS,Pancreas,12,127c,NA,CVCL_3881,Mutation; HGNC; HGNC:6407; KRAS; Simple; p.Gly12Asp (c.35G>A); ClinVar=VCV000012582; Zygosity=Hemizygous (PubMed=11115575).|Mutation; HGNC; HGNC:11998; TP53; Simple; p.Gly245Ser (c.733G>A); ClinVar=VCV000012365; Zygosity=Unspecified (PubMed=11115575).,KRAS; TP53,NCIt; C8294; Pancreatic adenocarcinoma,Metastatic; Liver; UBERON=UBERON_0002107.,NA
SUIT-2,SUIT2_PANCREAS,Pancreas,30,128c,NA,CVCL_3172,"Mutation; HGNC; HGNC:1787; CDKN2A; Simple; p.His83Tyr (c.247C>T) (p.Ala97Val, c.290C>T); ClinVar=VCV000376307; Zygosity=Unspecified (PubMed=11787853).|Mutation; HGNC; HGNC:6407; KRAS; Simple; p.Gly12Asp (c.35G>A); ClinVar=VCV000012582; Zygosity=Unspecified (PubMed=11169959; PubMed=11787853; PubMed=21607521).|Mutation; HGNC; HGNC:11998; TP53; Simple; p.Arg273His (c.818G>A); ClinVar=VCV000012366; Zygosity=Unspecified (PubMed=11169959; PubMed=11787853; PubMed=21607521).",CDKN2A; KRAS; TP53,NCIt; C9120; Pancreatic ductal adenocarcinoma,Metastatic; Liver; UBERON=UBERON_0002107.,NA
SW-480,SW480_LARGE_INTESTINE,Large Intestine,0,131,Bridge line,CVCL_0546,Mutation; HGNC; HGNC:583; APC; Simple; p.Gln1338Ter (c.4012C>T); ClinVar=VCV000000801; Zygosity=Homozygous (PubMed=24755471; DepMap=ACH-000842).|Mutation; HGNC; HGNC:6407; KRAS; Simple; p.Gly12Val (c.35G>T); ClinVar=VCV000012583; Zygosity=Homozygous (PubMed=20570890; PubMed=24755471; PubMed=28683746; DepMap=ACH-000842).|Mutation; HGNC; HGNC:11998; TP53; Simple; p.Arg273His (c.818G>A); ClinVar=VCV000012366; Zygosity=Heterozygous (PubMed=7651727; PubMed=9000147; PubMed=9715273; PubMed=16418264; PubMed=24755471; PubMed=28683746; DepMap=ACH-000842).|Mutation; HGNC; HGNC:11998; TP53; Simple; p.Pro309Ser (c.925C>T); ClinVar=VCV000458575; Zygosity=Heterozygous (PubMed=7651727; PubMed=9000147; PubMed=9715273; PubMed=16418264; PubMed=24755471; PubMed=28683746; DepMap=ACH-000842).,APC; KRAS; TP53,NCIt; C4349; Colon adenocarcinoma,In situ; Colon; UBERON=UBERON_0001155.,NA
SW-480,SW480_LARGE_INTESTINE,Large Intestine,10,128c,NA,CVCL_0546,Mutation; HGNC; HGNC:583; APC; Simple; p.Gln1338Ter (c.4012C>T); ClinVar=VCV000000801; Zygosity=Homozygous (PubMed=24755471; DepMap=ACH-000842).|Mutation; HGNC; HGNC:6407; KRAS; Simple; p.Gly12Val (c.35G>T); ClinVar=VCV000012583; Zygosity=Homozygous (PubMed=20570890; PubMed=24755471; PubMed=28683746; DepMap=ACH-000842).|Mutation; HGNC; HGNC:11998; TP53; Simple; p.Arg273His (c.818G>A); ClinVar=VCV000012366; Zygosity=Heterozygous (PubMed=7651727; PubMed=9000147; PubMed=9715273; PubMed=16418264; PubMed=24755471; PubMed=28683746; DepMap=ACH-000842).|Mutation; HGNC; HGNC:11998; TP53; Simple; p.Pro309Ser (c.925C>T); ClinVar=VCV000458575; Zygosity=Heterozygous (PubMed=7651727; PubMed=9000147; PubMed=9715273; PubMed=16418264; PubMed=24755471; PubMed=28683746; DepMap=ACH-000842).,APC; KRAS; TP53,NCIt; C4349; Colon adenocarcinoma,In situ; Colon; UBERON=UBERON_0001155.,NA
SW 1271,SW1271_LUNG,Lung,34,127n,NA,CVCL_1716,Mutation; HGNC; HGNC:7989; NRAS; Simple; p.Gln61Arg (c.182A>G); ClinVar=VCV000013900; Zygosity=Homozygous (PubMed=1855224; ATCC=CRL-2177; Cosmic-CLP=1299062; DepMap=ACH-000890).|Mutation; HGNC; HGNC:11100; SMARCA4; Simple; p.Asn774Lys (c.2322C>A); Zygosity=Homozygous (DepMap=ACH-000123).|Mutation; HGNC; HGNC:11998; TP53; Simple; p.Cys277Phe (c.830G>T); ClinVar=VCV000458567; Zygosity=Homozygous (PubMed=1855224; Cosmic-CLP=1299062; DepMap=ACH-000890).,NRAS; SMARCA4; TP53,NCIt; C4917; Lung small cell carcinoma|ORDO; Orphanet_70573; Small cell lung cancer,In situ; Lung; UBERON=UBERON_0002048.,Epithelial cell; CL=CL_0000066.
SW 1573,SW1573_LUNG,Lung,33,127n,NA,CVCL_1720,Gene deletion; HGNC; HGNC:1787; CDKN2A; Zygosity=Homozygous (ATCC=CRL-2170).|Gene deletion; HGNC; HGNC:6770; SMAD4; Zygosity=Homozygous (ATCC=CRL-2170).|Mutation; HGNC; HGNC:2514; CTNNB1; Simple; p.Ser33Phe (c.98C>T); ClinVar=VCV000017583; Zygosity=Heterozygous (ATCC=CRL-2170; Cosmic-CLP=724878).|Mutation; HGNC; HGNC:6407; KRAS; Simple; p.Gly12Cys (c.34G>T); ClinVar=VCV000012578; Zygosity=Homozygous (PubMed=12068308; ATCC=CRL-2170; Cosmic-CLP=724878).|Mutation; HGNC; HGNC:8975; PIK3CA; Simple; p.Lys111Glu (c.331A>G); ClinVar=VCV000376482; Zygosity=Heterozygous (ATCC=CRL-2170; Cosmic-CLP=724878).|Mutation; HGNC; HGNC:11103; SMARCB1; Simple; c.362+1G>C; ClinVar=VCV000582116; Zygosity=Heterozygous; Note=Splice donor mutation (Cosmic-CLP=724878).,CDKN2A; SMAD4; CTNNB1; KRAS; PIK3CA; SMARCB1,NCIt; C2923; Minimally invasive lung adenocarcinoma,In situ; Lung; UBERON=UBERON_0002048.,NA
SW 1783,SW1783_CENTRAL_NERVOUS_SYSTEM,Central Nervous System,41,130n,NA,CVCL_1722,Mutation; HGNC; HGNC:9588; PTEN; Simple; p.Arg233Ter (c.697C>T); ClinVar=VCV000007813; Zygosity=Homozygous (ATCC=HTB-13; Cosmic-CLP=909750; DepMap=ACH-000883).|Mutation; HGNC; HGNC:11730; TERT; Simple; c.1-124C>T (c.228C>T) (C228T); Zygosity=Unspecified; Note=In promoter (PubMed=31068700).|Mutation; HGNC; HGNC:11998; TP53; Simple; p.Arg273Cys (c.817C>T); ClinVar=VCV000043594; Zygosity=Heterozygous (ATCC=HTB-13; Cosmic-CLP=909750; DepMap=ACH-000883).|Mutation; HGNC; HGNC:11998; TP53; Simple; p.Arg273His (c.818G>A); ClinVar=VCV000012366; Zygosity=Heterozygous (ATCC=HTB-13; Cosmic-CLP=909750; DepMap=ACH-000883).,PTEN; TERT; TP53,NCIt; C9477; Anaplastic astrocytoma|ORDO; Orphanet_251589; Anaplastic astrocytoma,NA,NA
SW1417,SW1417_LARGE_INTESTINE,Large Intestine,15,127n,NA,CVCL_1717,Mutation; HGNC; HGNC:583; APC; Simple; p.Arg1450Ter (c.4348C>T); ClinVar=VCV000194585; Zygosity=Homozygous (ATCC=CCL-238; Cosmic-CLP=909747; DepMap=ACH-000236).|Mutation; HGNC; HGNC:1097; BRAF; Simple; p.Val600Glu (c.1799T>A); ClinVar=VCV000013961; Zygosity=Heterozygous (PubMed=12068308; PubMed=20570890; ATCC=CCL-238; Cosmic-CLP=909747; DepMap=ACH-000236).|Mutation; HGNC; HGNC:6844; MAP2K4; Simple; p.Arg274Gly (c.820A>G); Zygosity=Homozygous (PubMed=9331070; Cosmic-CLP=909747; DepMap=ACH-000236).|Mutation; HGNC; HGNC:11998; TP53; Simple; p.Cys238Hisfs*21 (c.712_725delTGTAACAGTTCCTG); Zygosity=Heterozygous (Cosmic-CLP=909747; DepMap=ACH-000236).,APC; BRAF; MAP2K4; TP53,NCIt; C4349; Colon adenocarcinoma,In situ; Colon; UBERON=UBERON_0001155.,NA
SW1990,SW1990_PANCREAS,Pancreas,22,130c,NA,CVCL_1723,Mutation; HGNC; HGNC:27310; FLCN; Simple; p.Gln533Ter (c.1597C>T); ClinVar=VCV000096480; Zygosity=Heterozygous (Cosmic-CLP=910907; DepMap=ACH-000155).|Mutation; HGNC; HGNC:6407; KRAS; Simple; p.Gly12Asp (c.35G>A); ClinVar=VCV000012582; Zygosity=Homozygous (PubMed=12068308; Cosmic-CLP=910907; DepMap=ACH-000155).|Mutation; HGNC; HGNC:11998; TP53; Simple; p.Pro191del (c.569_571CTC[1]) (c.572_574delCTC); ClinVar=VCV000458551; Zygosity=Heterozygous (Cosmic-CLP=910907; DepMap=ACH-000155).,FLCN; KRAS; TP53,NCIt; C8294; Pancreatic adenocarcinoma,Metastatic; Spleen; UBERON=UBERON_0002106.,Epithelial cell of pancreas; CL=CL_0000083.
SW403,SW403_LARGE_INTESTINE,Large Intestine,7,127c,NA,CVCL_0545,Mutation; HGNC; HGNC:583; APC; Simple; p.Asn125Lys (c.375T>G); Zygosity=Heterozygous (PubMed=24755471; PubMed=28179481; Cosmic-CLP=910908; DepMap=ACH-000820).|Mutation; HGNC; HGNC:583; APC; Simple; p.Ser1198Glnfs*67 (c.3591delC); Zygosity=Heterozygous (PubMed=24755471; PubMed=28179481; Cosmic-CLP=910908; DepMap=ACH-000820).|Mutation; HGNC; HGNC:583; APC; Simple; p.Ser1278Ter (c.3833C>A); Zygosity=Heterozygous (PubMed=24755471; PubMed=28179481; Cosmic-CLP=910908; DepMap=ACH-000820).|Mutation; HGNC; HGNC:6407; KRAS; Simple; p.Gly12Val (c.35G>T); ClinVar=VCV000012583; Zygosity=Heterozygous (PubMed=12068308; PubMed=20570890; PubMed=24755471; PubMed=28683746; Cosmic-CLP=910908; DepMap=ACH-000820).|Mutation; HGNC; HGNC:8975; PIK3CA; Simple; p.Gln546Lys (c.1636C>A); ClinVar=VCV000013657; Zygosity=Heterozygous (PubMed=24755471; Cosmic-CLP=910908; DepMap=ACH-000820).|Mutation; HGNC; HGNC:11998; TP53; Simple; p.Glu51Ter (c.151G>T); ClinVar=VCV000568781; Zygosity=Homozygous (PubMed=16418264; PubMed=28683746; Cosmic-CLP=910908; DepMap=ACH-000820).,APC; KRAS; PIK3CA; TP53,NCIt; C4349; Colon adenocarcinoma,In situ; Colon; UBERON=UBERON_0001155.,NA
SW48,SW48_LARGE_INTESTINE,Large Intestine,7,130n,NA,CVCL_1724,Mutation; HGNC; HGNC:173; ACVR2A; Simple; p.Lys437Argfs*5 (c.1310delA); dbSNP=rs764719749; Zygosity=Homozygous (PubMed=12615714).|Mutation; HGNC; HGNC:583; APC; Simple; p.Arg2714Cys (c.8140C>T); ClinVar=VCV000231255; Zygosity=Unspecified (PubMed=24755471).|Mutation; HGNC; HGNC:914; B2M; Simple; p.Ser14fs*29 (c.41_44delCTCT); Zygosity=Heterozygous (PubMed=8197130).|Mutation; HGNC; HGNC:914; B2M; Simple; p.Glu67fs (c.200delA); Zygosity=Heterozygous (PubMed=8197130).|Mutation; HGNC; HGNC:2514; CTNNB1; Simple; p.Ser33Tyr (c.98C>A); ClinVar=VCV000017577; Zygosity=Heterozygous (PubMed=9294210; PubMed=24755471; ATCC=CCL-231).|Mutation; HGNC; HGNC:11773; TGFBR2; Simple; p.Lys128Serfs*35 (c.383delA); ClinVar=VCV000477546; Zygosity=Homozygous (PubMed=12615714).|Mutation; HGNC; HGNC:11998; TP53; None_reported; -; Zygosity=- (PubMed=16418264).,ACVR2A; APC; B2M; CTNNB1; TGFBR2; TP53,NCIt; C4349; Colon adenocarcinoma,In situ; Colon; UBERON=UBERON_0001155.,NA
SW620,SW620_LARGE_INTESTINE,Large Intestine,3,129c,NA,CVCL_0547,Mutation; HGNC; HGNC:583; APC; Simple; p.Gln1338Ter (c.4012C>T); ClinVar=VCV000000801; Zygosity=Homozygous (PubMed=17088437; PubMed=24755471).|Mutation; HGNC; HGNC:6407; KRAS; Simple; p.Gly12Val (c.35G>T); ClinVar=VCV000012583; Zygosity=Homozygous (PubMed=12068308; PubMed=17088437; PubMed=20570890; PubMed=24755471; PubMed=28683746).|Mutation; HGNC; HGNC:11998; TP53; Simple; p.Arg273His (c.818G>A); ClinVar=VCV000012366; Zygosity=Heterozygous (PubMed=9331090; PubMed=17088437; PubMed=21912889; PubMed=24755471; PubMed=28683746).|Mutation; HGNC; HGNC:11998; TP53; Simple; p.Pro309Ser (c.925C>T); ClinVar=VCV000458575; Zygosity=Heterozygous (PubMed=17088437; PubMed=21912889; PubMed=24755471; PubMed=28683746).,APC; KRAS; TP53,NCIt; C4349; Colon adenocarcinoma,Metastatic; Lymph node; UBERON=UBERON_0000029.,NA
SW837,SW837_LARGE_INTESTINE,Large Intestine,0,127n,Bridge line,CVCL_1729,Mutation; HGNC; HGNC:583; APC; Simple; p.Arg1450Ter (c.4348C>T); ClinVar=VCV000194585; Zygosity=Unspecified (PubMed=24755471).|Mutation; HGNC; HGNC:16712; FBXW7; Simple; p.Leu403fs*34 (c.1208_1209insT); Zygosity=Unspecified (PubMed=24755471).|Mutation; HGNC; HGNC:6407; KRAS; Simple; p.Gly12Cys (c.34G>T); ClinVar=VCV000012578; Zygosity=Heterozygous (PubMed=12068308; PubMed=20570890; PubMed=24755471; PubMed=28683746).|Mutation; HGNC; HGNC:11998; TP53; Simple; p.Arg248Trp (c.742C>T); ClinVar=VCV000012347; Zygosity=Hemizygous (PubMed=7651727; PubMed=9715273; PubMed=16418264; PubMed=24755471; PubMed=28683746).,APC; FBXW7; KRAS; TP53,NCIt; C9383; Rectal adenocarcinoma,In situ; Rectum; UBERON=UBERON_0001052.,NA
SW837,SW837_LARGE_INTESTINE,Large Intestine,35,130c,NA,CVCL_1729,Mutation; HGNC; HGNC:583; APC; Simple; p.Arg1450Ter (c.4348C>T); ClinVar=VCV000194585; Zygosity=Unspecified (PubMed=24755471).|Mutation; HGNC; HGNC:16712; FBXW7; Simple; p.Leu403fs*34 (c.1208_1209insT); Zygosity=Unspecified (PubMed=24755471).|Mutation; HGNC; HGNC:6407; KRAS; Simple; p.Gly12Cys (c.34G>T); ClinVar=VCV000012578; Zygosity=Heterozygous (PubMed=12068308; PubMed=20570890; PubMed=24755471; PubMed=28683746).|Mutation; HGNC; HGNC:11998; TP53; Simple; p.Arg248Trp (c.742C>T); ClinVar=VCV000012347; Zygosity=Hemizygous (PubMed=7651727; PubMed=9715273; PubMed=16418264; PubMed=24755471; PubMed=28683746).,APC; FBXW7; KRAS; TP53,NCIt; C9383; Rectal adenocarcinoma,In situ; Rectum; UBERON=UBERON_0001052.,NA
SW948,SW948_LARGE_INTESTINE,Large Intestine,11,128n,NA,CVCL_0632,Mutation; HGNC; HGNC:583; APC; Simple; p.Arg1114Ter (c.3340C>T); ClinVar=VCV000236589; Zygosity=Unspecified (PubMed=24755471).|Mutation; HGNC; HGNC:6407; KRAS; Simple; p.Gln61Leu (c.182A>T); ClinVar=VCV000045116; Zygosity=Heterozygous (PubMed=12068308; PubMed=20570890; PubMed=24755471; PubMed=28683746).|Mutation; HGNC; HGNC:8975; PIK3CA; Simple; p.Glu542Lys (c.1624G>A); ClinVar=VCV000031944; Zygosity=Unspecified (PubMed=20570890; PubMed=24755471; PubMed=28683746).|Mutation; HGNC; HGNC:667; RHOA; Simple; p.Gly17Glu (c.50G>A); Zygosity=Heterozygous (PubMed=34466148; DepMap=ACH-000680).|Mutation; HGNC; HGNC:6770; SMAD4; Simple; p.Asp537Tyr (c.1609G>T); ClinVar=VCV000376000; Zygosity=Unspecified (PubMed=24755471).|Mutation; HGNC; HGNC:11998; TP53; Simple; p.Thr118Glnfs*5 (c.351delG) (p.G117fs); Zygosity=Unspecified (PubMed=28683746).,APC; KRAS; PIK3CA; RHOA; SMAD4; TP53,NCIt; C4349; Colon adenocarcinoma,In situ; Colon; UBERON=UBERON_0001155.,NA
SW948,SW948_LARGE_INTESTINE,Large Intestine,20,130c,NA,CVCL_0632,Mutation; HGNC; HGNC:583; APC; Simple; p.Arg1114Ter (c.3340C>T); ClinVar=VCV000236589; Zygosity=Unspecified (PubMed=24755471).|Mutation; HGNC; HGNC:6407; KRAS; Simple; p.Gln61Leu (c.182A>T); ClinVar=VCV000045116; Zygosity=Heterozygous (PubMed=12068308; PubMed=20570890; PubMed=24755471; PubMed=28683746).|Mutation; HGNC; HGNC:8975; PIK3CA; Simple; p.Glu542Lys (c.1624G>A); ClinVar=VCV000031944; Zygosity=Unspecified (PubMed=20570890; PubMed=24755471; PubMed=28683746).|Mutation; HGNC; HGNC:667; RHOA; Simple; p.Gly17Glu (c.50G>A); Zygosity=Heterozygous (PubMed=34466148; DepMap=ACH-000680).|Mutation; HGNC; HGNC:6770; SMAD4; Simple; p.Asp537Tyr (c.1609G>T); ClinVar=VCV000376000; Zygosity=Unspecified (PubMed=24755471).|Mutation; HGNC; HGNC:11998; TP53; Simple; p.Thr118Glnfs*5 (c.351delG) (p.G117fs); Zygosity=Unspecified (PubMed=28683746).,APC; KRAS; PIK3CA; RHOA; SMAD4; TP53,NCIt; C4349; Colon adenocarcinoma,In situ; Colon; UBERON=UBERON_0001155.,NA
T-47D,T47D_BREAST,Breast,9,128n,NA,CVCL_0553,Mutation; HGNC; HGNC:8975; PIK3CA; Simple; p.His1047Arg (c.3140A>G); ClinVar=VCV000013652; Zygosity=Heterozygous (PubMed=17088437; PubMed=19593635; PubMed=28889351).|Mutation; HGNC; HGNC:11998; TP53; Simple; p.Leu194Phe (c.580C>T); ClinVar=VCV000127817; Zygosity=Homozygous (PubMed=1961733; PubMed=9331090; PubMed=16541312; PubMed=17088437; PubMed=18277095; PubMed=21912889; PubMed=28889351).,PIK3CA; TP53,NCIt; C4194; Invasive breast carcinoma of no special type,Metastatic; Pleural effusion; UBERON=UBERON_0000175.,NA
T24,T24_URINARY_TRACT,Urinary Tract,37,130n,NA,CVCL_0554,Mutation; HGNC; HGNC:5173; HRAS; Simple; p.Gly12Val (c.35G>T); ClinVar=VCV000012600; Zygosity=Homozygous (PubMed=12068308; ATCC=HTB-4).|Mutation; HGNC; HGNC:11730; TERT; Simple; c.1-124C>T (c.228C>T) (C228T); Zygosity=Unspecified; Note=In promoter (PubMed=24035680; PubMed=31068700).|Mutation; HGNC; HGNC:11998; TP53; Simple; p.Tyr126Ter (c.378C>G); ClinVar=VCV000578988; Zygosity=Homozygous (PubMed=7787250; ATCC=HTB-4).,HRAS; TERT; TP53,NCIt; C4912; Bladder carcinoma,In situ; Urinary bladder; UBERON=UBERON_0001255.,NA
TC-71,TC71_BONE,Bone,25,130c,NA,CVCL_2213,"Gene deletion; HGNC; HGNC:1787; CDKN2A; Zygosity=Homozygous (PubMed=18160777; PubMed=19787792; PubMed=25010205; PubMed=25223734).|Gene fusion; HGNC; HGNC:3508; EWSR1 + HGNC; HGNC:3749; FLI1; Name(s)=EWSR1-FLI1, EWS-FLI1; Note=Type 1 fusion (Ex7/Ex6) (PubMed=8040301; PubMed=11891184; PubMed=25010205; PubMed=25485619; PubMed=36476851).|Mutation; HGNC; HGNC:11998; TP53; Simple; p.Arg213Ter (c.637C>T); ClinVar=VCV000043590; Zygosity=Unspecified (PubMed=19787792; PubMed=25010205; PubMed=25223734; DepMap=ACH-000424).|Mutation; HGNC; HGNC:11998; TP53; Simple; p.Gly245Cys (c.733G>T); ClinVar=VCV000012349; Zygosity=Unspecified (PubMed=25010205).",CDKN2A; EWSR1; HGNC; TP53,NCIt; C4817; Ewing sarcoma|ORDO; Orphanet_319; Ewing sarcoma,"In situ; Bone, humerus; UBERON=UBERON_0000976.",NA
TCC-PAN2,TCCPAN2_PANCREAS,Pancreas,9,126,NA,CVCL_3178,Gene deletion; HGNC; HGNC:1787; CDKN2A; Zygosity=Homozygous (PubMed=30747829).|Mutation; HGNC; HGNC:6407; KRAS; Simple; p.Gly12Arg (c.34G>C); ClinVar=VCV000012579; Zygosity=Heterozygous (PubMed=30747829; DepMap=ACH-000502).|Mutation; HGNC; HGNC:11998; TP53; Simple; c.993+1G>A (IVS9+1G>A); ClinVar=VCV000528261; Zygosity=Homozygous; Note=Splice donor mutation (PubMed=30747829; DepMap=ACH-000502).,CDKN2A; KRAS; TP53,NCIt; C9120; Pancreatic ductal adenocarcinoma,Metastatic; Ascites; UBERON=UBERON_0007795.,NA
TCCSUP,TCCSUP_URINARY_TRACT,Urinary Tract,21,129n,NA,CVCL_1738,Mutation; HGNC; HGNC:11730; TERT; Simple; c.1-124C>T (c.228C>T) (C228T); Zygosity=Unspecified; Note=In promoter (PubMed=24035680).|Mutation; HGNC; HGNC:11998; TP53; Simple; p.Glu349Ter (c.1045G>T); ClinVar=VCV000634695; Zygosity=Homozygous (PubMed=7787250; PubMed=9850064; PubMed=27270441).,TERT; TP53,NCIt; C4912; Bladder carcinoma,In situ; Urinary bladder; UBERON=UBERON_0001255.,NA
TE-1,TE1_OESOPHAGUS,Oesophagus,8,130c,NA,CVCL_1759,Mutation; HGNC; HGNC:11998; TP53; Simple; p.Val272Met (c.814G>A); ClinVar=VCV000185814; Zygosity=Unspecified (PubMed=9096669).,TP53,NCIt; C4024; Esophageal squamous cell carcinoma|ORDO; Orphanet_99977; Squamous cell carcinoma of the esophagus,In situ; Esophagus; UBERON=UBERON_0001043.,NA
TE-10,TE10_OESOPHAGUS,Oesophagus,29,130n,NA,CVCL_1760,Mutation; HGNC; HGNC:11998; TP53; Simple; p.Cys242Tyr (c.725G>A); ClinVar=VCV000012354; Zygosity=Unspecified (PubMed=9096669).,TP53,NCIt; C4024; Esophageal squamous cell carcinoma|ORDO; Orphanet_99977; Squamous cell carcinoma of the esophagus,In situ; Esophagus; UBERON=UBERON_0001043.,NA
TE-4,TE4_OESOPHAGUS,Oesophagus,33,130c,NA,CVCL_3337,Mutation; HGNC; HGNC:9588; PTEN; Simple; p.Ter404Leuext*8 (c.1211G>T); Zygosity=Homozygous (Cosmic-CLP=1503371; DepMap=ACH-000917).|Mutation; HGNC; HGNC:11998; TP53; Simple; p.Gly245Cys (c.733G>T); ClinVar=VCV000012349; Zygosity=Homozygous (Cosmic-CLP=1503371; DepMap=ACH-000917).,PTEN; TP53,NCIt; C4024; Esophageal squamous cell carcinoma|ORDO; Orphanet_99977; Squamous cell carcinoma of the esophagus,In situ; Esophagus; UBERON=UBERON_0001043.,NA
TE-6,TE6_OESOPHAGUS,Oesophagus,17,130c,NA,CVCL_1765,NA,NA,NCIt; C4024; Esophageal squamous cell carcinoma|ORDO; Orphanet_99977; Squamous cell carcinoma of the esophagus,In situ; Esophagus; UBERON=UBERON_0001043.,NA
TE11,TE11_OESOPHAGUS,Oesophagus,21,129c,NA,CVCL_1761,Mutation; HGNC; HGNC:11998; TP53; Simple; p.Arg110Leu (c.329G>T); ClinVar=VCV000406597; Zygosity=Unspecified (PubMed=7732013; PubMed=10741724).,TP53,NCIt; C4024; Esophageal squamous cell carcinoma|ORDO; Orphanet_99977; Squamous cell carcinoma of the esophagus,In situ; Esophagus; UBERON=UBERON_0001043.,NA
TE14,TE14_OESOPHAGUS,Oesophagus,12,128n,NA,CVCL_3336,Mutation; HGNC; HGNC:11998; TP53; Simple; p.His179Arg (c.536A>G); ClinVar=VCV000376606; Zygosity=Unspecified (DepMap=ACH-000726).|Mutation; HGNC; HGNC:11998; TP53; Simple; p.Arg213Ter (c.637C>T); ClinVar=VCV000043590; Zygosity=Unspecified (DepMap=ACH-000726).,TP53,NCIt; C4024; Esophageal squamous cell carcinoma|ORDO; Orphanet_99977; Squamous cell carcinoma of the esophagus,In situ; Esophagus; UBERON=UBERON_0001043.,NA
TF-1,TF1_HAEMATOPOIETIC_AND_LYMPHOID_TISSUE,Haematopoietic and Lymphoid Tissue,37,130c,NA,CVCL_0559,Gene fusion; HGNC; HGNC:15868; ABHD12 + HGNC; HGNC:1537; CBFA2T3; Name(s)=CBFA2T3-ABHD12 (PubMed=31160637).|Mutation; HGNC; HGNC:7989; NRAS; Simple; p.Gln61Pro (c.182A>C); ClinVar=VCV000280409; Zygosity=Heterozygous (DepMap=ACH-000387).|Mutation; HGNC; HGNC:11998; TP53; Simple; p.Ile251Thrfs*94 (c.752delT); ClinVar=VCV001759367; Zygosity=Unspecified (PubMed=1571549).,ABHD12; HGNC; NRAS; TP53,NCIt; C7152; Erythroleukemia|ORDO; Orphanet_318; Acute erythroid leukemia,In situ; Bone marrow; UBERON=UBERON_0002371.,NA
THP-1,THP1_HAEMATOPOIETIC_AND_LYMPHOID_TISSUE,Haematopoietic and Lymphoid Tissue,24,130c,NA,CVCL_0006,"Gene fusion; HGNC; HGNC:2457; CSNK2A1 + HGNC; HGNC:13917; DDX39B; Name(s)=CSNK2A1-DDX39B (PubMed=31160637).|Gene fusion; HGNC; HGNC:7132; KMT2A + HGNC; HGNC:7136; MLLT3; Name(s)=KMT2A-MLLT3, MLL-MLLT3, MLL-AF9 (PubMed=11066077; PubMed=15843827).|Mutation; HGNC; HGNC:7989; NRAS; Simple; p.Gly12Asp (c.35G>A); ClinVar=VCV000039648; Zygosity=Heterozygous (PubMed=12068308; ATCC=TIB-202; Cosmic-CLP=909771; DepMap=ACH-000146).|Mutation; HGNC; HGNC:11998; TP53; Simple; p.Arg174fs*3 (c.520_545del26); Zygosity=Heterozygous (PubMed=1571549; PubMed=19220422; DepMap=ACH-000146).",CSNK2A1; HGNC; KMT2A; NRAS; TP53,NCIt; C9163; Childhood acute monocytic leukemia|ORDO; Orphanet_514; Acute monoblastic/monocytic leukemia,In situ; Peripheral blood; UBERON=UBERON_0000178.,NA
TUHR4TKB,TUHR4TKB_KIDNEY,Kidney,18,129c,NA,CVCL_5957,NA,NA,NCIt; C9385; Renal cell carcinoma|ORDO; Orphanet_217071; Renal cell carcinoma,In situ; Kidney; UBERON=UBERON_0002113.,NA
TYK-nu,TYKNU_OVARY,Ovary,8,129c,NA,CVCL_1776,Mutation; HGNC; HGNC:7989; NRAS; Simple; p.Gly12Asp (c.35G>A); ClinVar=VCV000039648; Zygosity=Heterozygous (PubMed=25846456; Cosmic-CLP=909774; DepMap=ACH-000430).|Mutation; HGNC; HGNC:7989; NRAS; Simple; p.Gln61Lys (c.181C>A); ClinVar=VCV000073058; Zygosity=Heterozygous (PubMed=25846456; Cosmic-CLP=909774; DepMap=ACH-000430).|Mutation; HGNC; HGNC:11998; TP53; Simple; p.Arg175His (c.524G>A); ClinVar=VCV000012374; Zygosity=Homozygous (PubMed=25846456; Cosmic-CLP=909774; DepMap=ACH-000430).,NRAS; TP53,NCIt; C105555; High grade ovarian serous adenocarcinoma,NA,NA
U-118 MG,U118MG_CENTRAL_NERVOUS_SYSTEM,Central Nervous System,26,127n,NA,CVCL_0633,Mutation; HGNC; HGNC:5382; IDH1; None_reported; -; Zygosity=- (PubMed=19435942).|Mutation; HGNC; HGNC:9588; PTEN; Simple; c.1026+1G>T (IVS8+1G>T); ClinVar=VCV000635377; Zygosity=Homozygous; Note=Splice donor mutation (PubMed=10560660; Cosmic-CLP=687588).|Mutation; HGNC; HGNC:11998; TP53; Simple; p.Arg213Gln (c.638G>A); ClinVar=VCV000135359; Zygosity=Homozygous (PubMed=10416987; Cosmic-CLP=687588).,IDH1; PTEN; TP53,NCIt; C60781; Astrocytoma|ORDO; Orphanet_94; Astrocytoma,In situ; Brain; UBERON=UBERON_0000955.,NA
U-2 OS,U2OS_BONE,Bone,34,129c,NA,CVCL_0042,Mutation; HGNC; HGNC:9277; PPM1D; Simple; p.Arg458Ter (c.1372C>T); ClinVar=VCV002445214; Zygosity=Heterozygous (PubMed=23649806; DepMap=ACH-000364).|Mutation; HGNC; HGNC:11998; TP53; None_reported; -; Zygosity=- (PubMed=19787792).,PPM1D; TP53,NCIt; C9145; Osteosarcoma|ORDO; Orphanet_668; Osteosarcoma,"In situ; Bone, tibia; UBERON=UBERON_0000979.",NA
U-87 MG,U87MG_CENTRAL_NERVOUS_SYSTEM,Central Nervous System,28,130c,NA,CVCL_0022,Mutation; HGNC; HGNC:5382; IDH1; None_reported; -; Zygosity=- (PubMed=19435942).|Mutation; HGNC; HGNC:7765; NF1; Simple; p.Phe1247Ilefs*18 (c.3739_3742delTTTG) (3737_3740delTGTT); ClinVar=VCV000420078; Zygosity=Heterozygous (Cosmic-CLP=687590; DepMap=ACH-000075).|Mutation; HGNC; HGNC:9588; PTEN; Simple; c.209+1G>T; ClinVar=VCV000229705; Zygosity=Homozygous; Note=Splice donor mutation (PubMed=9090379; Cosmic-CLP=687590; DepMap=ACH-000075).|Mutation; HGNC; HGNC:11730; TERT; Simple; c.1-124C>T (c.228C>T) (C228T); Zygosity=Unspecified; Note=In promoter (PubMed=31068700).|Mutation; HGNC; HGNC:11998; TP53; None_reported; -; Zygosity=- (Cosmic-CLP=687590; DepMap=ACH-000075).,IDH1; NF1; PTEN; TERT; TP53,NCIt; C3058; Glioblastoma|ORDO; Orphanet_360; Glioblastoma,NA,NA
U-937,U937_HAEMATOPOIETIC_AND_LYMPHOID_TISSUE,Haematopoietic and Lymphoid Tissue,31,130c,NA,CVCL_0007,"Gene fusion; HGNC; HGNC:16063; MLLT10 + HGNC; HGNC:15514; PICALM; Name(s)=PICALM-MLLT10, CALM-AF10 (PubMed=8643484; PubMed=25485619).|Mutation; HGNC; HGNC:9588; PTEN; Simple; p.Gly129fs*51 (c.387_388insCGCC); Zygosity=Hemizygous (PubMed=10966170; DepMap=ACH-000406).|Mutation; HGNC; HGNC:9644; PTPN11; Simple; p.Gly60Arg (c.178G>C); ClinVar=VCV000372590; Zygosity=Heterozygous (DepMap=ACH-000406).|Mutation; HGNC; HGNC:11998; TP53; Simple; c.559+1G>A (p.Val173Trpfs*59); ClinVar=VCV000428908; Zygosity=Homozygous; Note=Splice donor mutation (PubMed=1571549; DepMap=ACH-000406).|Mutation; HGNC; HGNC:12796; WT1; Simple; p.Arg301Ter (c.901C>T) (p.Arg352Ter, c.1054C>T) (p.Arg374Ter, c.1120C>T); ClinVar=VCV000449416; Zygosity=Heterozygous (DepMap=ACH-000406).",MLLT10; HGNC; PTEN; PTPN11; TP53; WT1,NCIt; C8263; Adult acute monocytic leukemia|ORDO; Orphanet_514; Acute monoblastic/monocytic leukemia,In situ; Pleural effusion; UBERON=UBERON_0000175.,NA
U-BLC1,UBLC1_URINARY_TRACT,Urinary Tract,15,130c,NA,CVCL_2738,Mutation; HGNC; HGNC:11730; TERT; Simple; c.1-124C>T (c.228C>T) (C228T); Zygosity=Unspecified; Note=In promoter (PubMed=24035680).|Mutation; HGNC; HGNC:11998; TP53; Simple; p.His296Tyr (c.886C>T); ClinVar=VCV000132973; Zygosity=Homozygous (DepMap=ACH-000741).|Mutation; HGNC; HGNC:11998; TP53; Simple; p.Gln331Ter (c.991C>T); ClinVar=VCV000922893; Zygosity=Homozygous (DepMap=ACH-000741).,TERT; TP53,NCIt; C4912; Bladder carcinoma,NA,NA
UACC-257,UACC257_SKIN,Skin,11,130c,NA,CVCL_1779,Gene deletion; HGNC; HGNC:1787; CDKN2A; Zygosity=Unspecified (PubMed=29492214).|Mutation; HGNC; HGNC:1097; BRAF; Simple; p.Val600Glu (c.1799T>A); ClinVar=VCV000013961; Zygosity=Heterozygous (PubMed=17088437; Cosmic-CLP=905977; DepMap=ACH-000579).|Mutation; HGNC; HGNC:11730; TERT; Simple; c.1-146C>T (c.250C>T) (C250T); Zygosity=Unspecified; Note=In promoter (PubMed=31068700).|Mutation; HGNC; HGNC:11998; TP53; None_reported; -; Zygosity=- (Cosmic-CLP=905977; DepMap=ACH-000579).,CDKN2A; BRAF; TERT; TP53,NCIt; C3224; Melanoma,NA,NA
UACC-62,UACC62_SKIN,Skin,21,130n,NA,CVCL_1780,Mutation; HGNC; HGNC:1097; BRAF; Simple; p.Val600Glu (c.1799T>A); ClinVar=VCV000013961; Zygosity=Homozygous (PubMed=12068308; PubMed=17088437; PubMed=29492214; Cosmic-CLP=905976; DepMap=ACH-000425).|Mutation; HGNC; HGNC:9588; PTEN; Simple; p.Pro248Thrfs*5 (c.741dupA) (c.741_742insA); ClinVar=VCV000142259; Zygosity=Homozygous (PubMed=17088437; Cosmic-CLP=905976; DepMap=ACH-000425).,BRAF; PTEN,NCIt; C3224; Melanoma,In situ; Skin; UBERON=UBERON_0002097.,NA
UM-UC-3,UMUC3_URINARY_TRACT,Urinary Tract,41,130c,NA,CVCL_1783,Gene deletion; HGNC; HGNC:1787; CDKN2A; Zygosity=Homozygous (PubMed=9850064).|Gene deletion; HGNC; HGNC:9588; PTEN; Zygosity=Homozygous (ATCC=CRL-1749).|Mutation; HGNC; HGNC:795; ATM; Simple; p.Gln2800fs*6 (c.8400delG); Zygosity=Heterozygous (Cosmic-CLP=724838; DepMap=ACH-000522).|Mutation; HGNC; HGNC:6407; KRAS; Simple; p.Gly12Cys (c.34G>T); ClinVar=VCV000012578; Zygosity=Homozygous (PubMed=12068308; Cosmic-CLP=724838; DepMap=ACH-000522).|Mutation; HGNC; HGNC:14446; PARD3B; Unexplicit; Ex9-18del; Zygosity=Homozygous (PubMed=20215515).|Mutation; HGNC; HGNC:11730; TERT; Simple; c.1-124C>T (c.228C>T) (C228T); Zygosity=Unspecified; Note=In promoter (PubMed=24035680).|Mutation; HGNC; HGNC:11998; TP53; Simple; p.Phe113Cys (c.338T>G); ClinVar=VCV000634690; Zygosity=Homozygous (PubMed=7787250; PubMed=9850064; Cosmic-CLP=724838; DepMap=ACH-000522).,CDKN2A; PTEN; ATM; KRAS; PARD3B; TERT; TP53,NCIt; C4912; Bladder carcinoma,In situ; Urinary bladder; UBERON=UBERON_0001255.,NA
VCaP,VCAP_PROSTATE,Prostate,21,130c,NA,CVCL_2235,Gene fusion; HGNC; HGNC:3446; ERG + HGNC; HGNC:11876; TMPRSS2; Name(s)=TMPRSS2-ERG (PubMed=23447416; PubMed=23615946).|Mutation; HGNC; HGNC:7127; MLH1; Simple; p.Ile219Val (c.655A>G); ClinVar=VCV000036557; Zygosity=Homozygous (PubMed=23615946).|Mutation; HGNC; HGNC:11998; TP53; Simple; p.Arg248Trp (c.742C>T); ClinVar=VCV000012347; Zygosity=Homozygous (PubMed=14518029; PubMed=23615946; Cosmic-CLP=1299075; DepMap=ACH-000115).,ERG; HGNC; MLH1; TP53,NCIt; C4863; Prostate carcinoma,"Metastatic; Bone, vertebra; UBERON=UBERON_0002412.",NA
VMRC-RCW,VMRCRCW_KIDNEY,Kidney,1,130c,NA,CVCL_1790,NA,NA,NCIt; C9385; Renal cell carcinoma|ORDO; Orphanet_217071; Renal cell carcinoma,NA,NA
WM-115,WM115_SKIN,Skin,29,130c,NA,CVCL_0040,Gene deletion; HGNC; HGNC:1787; CDKN2A; Zygosity=Homozygous (Wistar).|Gene deletion; HGNC; HGNC:1788; CDKN2B; Zygosity=Homozygous (Wistar).|Gene deletion; HGNC; HGNC:9588; PTEN; Zygosity=Hemizygous (Wistar).|Mutation; HGNC; HGNC:1097; BRAF; Simple; p.Val600Asp (c.1799_1800delTGinsAT); ClinVar=VCV000375939; Zygosity=Heterozygous (PubMed=15009714; PubMed=15467732; Wistar).,CDKN2A; CDKN2B; PTEN; BRAF,NCIt; C3224; Melanoma,"Metastatic; Right anterior leg, skin; UBERON=UBERON_0001511.",NA
WM-266-4,WM2664_SKIN,Skin,0,128c,Bridge line,CVCL_2765,Gene deletion; HGNC; HGNC:1787; CDKN2A; Zygosity=Homozygous (Wistar).|Gene deletion; HGNC; HGNC:1788; CDKN2B; Zygosity=Homozygous (Wistar).|Gene deletion; HGNC; HGNC:9588; PTEN; Zygosity=Hemizygous (Wistar).|Mutation; HGNC; HGNC:1097; BRAF; Simple; p.Val600Asp (c.1799_1800delTGinsAT); ClinVar=VCV000375939; Zygosity=Heterozygous (PubMed=12068308; PubMed=19799798; PubMed=23851445; PubMed=29492214; ATCC=CRL-1676; DepMap=ACH-001239; Wistar).|Mutation; HGNC; HGNC:11730; TERT; Simple; c.1-146C>T (c.250C>T) (C250T); Zygosity=Unspecified; Note=In promoter (PubMed=31068700).,CDKN2A; CDKN2B; PTEN; BRAF; TERT,NCIt; C3224; Melanoma,"Metastatic; Right thigh, skin; UBERON=UBERON_0004262.",NA
WM-266-4,WM2664_SKIN,Skin,2,128n,NA,CVCL_2765,Gene deletion; HGNC; HGNC:1787; CDKN2A; Zygosity=Homozygous (Wistar).|Gene deletion; HGNC; HGNC:1788; CDKN2B; Zygosity=Homozygous (Wistar).|Gene deletion; HGNC; HGNC:9588; PTEN; Zygosity=Hemizygous (Wistar).|Mutation; HGNC; HGNC:1097; BRAF; Simple; p.Val600Asp (c.1799_1800delTGinsAT); ClinVar=VCV000375939; Zygosity=Heterozygous (PubMed=12068308; PubMed=19799798; PubMed=23851445; PubMed=29492214; ATCC=CRL-1676; DepMap=ACH-001239; Wistar).|Mutation; HGNC; HGNC:11730; TERT; Simple; c.1-146C>T (c.250C>T) (C250T); Zygosity=Unspecified; Note=In promoter (PubMed=31068700).,CDKN2A; CDKN2B; PTEN; BRAF; TERT,NCIt; C3224; Melanoma,"Metastatic; Right thigh, skin; UBERON=UBERON_0004262.",NA
WM-793,WM793_SKIN,Skin,18,130n,NA,CVCL_8787,Mutation; HGNC; HGNC:1097; BRAF; Simple; p.Val600Glu (c.1799T>A); ClinVar=VCV000013961; Zygosity=Heterozygous (PubMed=16827748; PubMed=18632627; PubMed=23851445; PubMed=24576830; Cosmic-CLP=1299081; DepMap=ACH-000827; Wistar).|Mutation; HGNC; HGNC:1773; CDK4; Simple; p.Lys22Gln (c.64A>C); ClinVar=VCV000485487; Zygosity=Homozygous (PubMed=23851445; Cosmic-CLP=1299081; DepMap=ACH-000827; Wistar).|Mutation; HGNC; HGNC:9588; PTEN; Simple; p.Trp274Ter (c.821G>A); ClinVar=VCV001762511; Zygosity=Heterozygous (PubMed=23851445; Cosmic-CLP=1299081; DepMap=ACH-000827).,BRAF; CDK4; PTEN,NCIt; C3510; Cutaneous melanoma,In situ; Skin; UBERON=UBERON_0002097.,NA
WM-88,WM88_SKIN,Skin,32,127n,NA,CVCL_6805,Mutation; HGNC; HGNC:1097; BRAF; Simple; p.Val600Glu (c.1799T>A); ClinVar=VCV000013961; Zygosity=Heterozygous (PubMed=24576830; DepMap=ACH-000899; Wistar).,BRAF,NCIt; C3224; Melanoma,Metastatic; Not specified.,NA
WM1799,WM1799_SKIN,Skin,8,127c,NA,CVCL_A341,Gene deletion; HGNC; HGNC:1787; CDKN2A; Zygosity=Homozygous (Wistar).|Gene deletion; HGNC; HGNC:9588; PTEN; Zygosity=Hemizygous (Wistar).|Mutation; HGNC; HGNC:1097; BRAF; Simple; p.Val600Glu (c.1799T>A); ClinVar=VCV000013961; Zygosity=Homozygous (PubMed=15009714; DepMap=ACH-000661; Wistar).,CDKN2A; PTEN; BRAF,NCIt; C3224; Melanoma,Metastatic; Not specified.,NA
ZR-75-1,ZR751_BREAST,Breast,10,129c,NA,CVCL_0588,Mutation; HGNC; HGNC:5173; HRAS; Simple; p.Glu162Lys (c.484G>A); ClinVar=VCV001034833; Zygosity=Homozygous (DepMap=ACH-000097).|Mutation; HGNC; HGNC:9588; PTEN; Simple; p.Leu108Arg (c.323T>G); Zygosity=Homozygous (PubMed=19593635; DepMap=ACH-000097).,HRAS; PTEN,NCIt; C4194; Invasive breast carcinoma of no special type,Metastatic; Ascites; UBERON=UBERON_0007795.,NA
